ed_name,ed_total
41001,128
41001,128
41001,128
41001,128
41001,128
41002,176
41002,176
41002,176
41002,176
41002,176
41003,165
41003,165
41003,165
41003,165
41003,165
41004,113
41004,113
41004,113
41004,113
41004,113
41005,129
41005,129
41005,129
41005,129
41005,129
41006,124
41006,124
41006,124
41006,124
41006,124
41007,125
41007,125
41007,125
41007,125
41007,125
41008,102
41008,102
41008,102
41008,102
41008,102
41009,99
41009,99
41009,99
41009,99
41009,99
41010,67
41010,67
41010,67
41010,67
41010,67
41011,52
41011,52
41011,52
41011,52
41011,52
41012,70
41012,70
41012,70
41012,70
41012,70
41013,0
41013,0
41013,0
41013,0
41013,0
41014,17
41014,17
41014,17
41014,17
41014,17
41015,35
41015,35
41015,35
41015,35
41015,35
41016,116
41016,116
41016,116
41016,116
41016,116
41017,123
41017,123
41017,123
41017,123
41017,123
41018,99
41018,99
41018,99
41018,99
41018,99
41019,0
41019,0
41019,0
41019,0
41019,0
41020,120
41020,120
41020,120
41020,120
41020,120
41021,174
41021,174
41021,174
41021,174
41021,174
41022,30
41022,30
41022,30
41022,30
41022,30
41023,23
41023,23
41023,23
41023,23
41023,23
41024,33
41024,33
41024,33
41024,33
41024,33
41025,20
41025,20
41025,20
41025,20
41025,20
41026,44
41026,44
41026,44
41026,44
41026,44
41027,124
41027,124
41027,124
41027,124
41027,124
41028,211
41028,211
41028,211
41028,211
41028,211
41029,2
41029,2
41029,2
41029,2
41029,2
41030,176
41030,176
41030,176
41030,176
41030,176
41031,154
41031,154
41031,154
41031,154
41031,154
41032,143
41032,143
41032,143
41032,143
41032,143
41033,206
41033,206
41033,206
41033,206
41033,206
41034,191
41034,191
41034,191
41034,191
41034,191
41035,71
41035,71
41035,71
41035,71
41035,71
41036,67
41036,67
41036,67
41036,67
41036,67
41037,209
41037,209
41037,209
41037,209
41037,209
41038,264
41038,264
41038,264
41038,264
41038,264
41039,207
41039,207
41039,207
41039,207
41039,207
41040,160
41040,160
41040,160
41040,160
41040,160
41041,189
41041,189
41041,189
41041,189
41041,189
41042,30
41042,30
41042,30
41042,30
41042,30
41043,161
41043,161
41043,161
41043,161
41043,161
41044,32
41044,32
41044,32
41044,32
41044,32
41045,180
41045,180
41045,180
41045,180
41045,180
41046,126
41046,126
41046,126
41046,126
41046,126
41047,198
41047,198
41047,198
41047,198
41047,198
41048,116
41048,116
41048,116
41048,116
41048,116
41049,215
41049,215
41049,215
41049,215
41049,215
41050,287
41050,287
41050,287
41050,287
41050,287
41051,70
41051,70
41051,70
41051,70
41051,70
41052,129
41052,129
41052,129
41052,129
41052,129
41053,112
41053,112
41053,112
41053,112
41053,112
41054,177
41054,177
41054,177
41054,177
41054,177
41055,247
41055,247
41055,247
41055,247
41055,247
41056,41
41056,41
41056,41
41056,41
41056,41
41057,88
41057,88
41057,88
41057,88
41057,88
41058,139
41058,139
41058,139
41058,139
41058,139
41059,135
41059,135
41059,135
41059,135
41059,135
41060,100
41060,100
41060,100
41060,100
41060,100
41061,65
41061,65
41061,65
41061,65
41061,65
41062,85
41062,85
41062,85
41062,85
41062,85
41063,147
41063,147
41063,147
41063,147
41063,147
41064,123
41064,123
41064,123
41064,123
41064,123
41065,42
41065,42
41065,42
41065,42
41065,42
41066,95
41066,95
41066,95
41066,95
41066,95
41067,96
41067,96
41067,96
41067,96
41067,96
41068,103
41068,103
41068,103
41068,103
41068,103
41069,98
41069,98
41069,98
41069,98
41069,98
41070,91
41070,91
41070,91
41070,91
41070,91
41071,72
41071,72
41071,72
41071,72
41071,72
41072,79
41072,79
41072,79
41072,79
41072,79
41073,120
41073,120
41073,120
41073,120
41073,120
41074,107
41074,107
41074,107
41074,107
41074,107
41075,102
41075,102
41075,102
41075,102
41075,102
41076,68
41076,68
41076,68
41076,68
41076,68
41077,85
41077,85
41077,85
41077,85
41077,85
41078,68
41078,68
41078,68
41078,68
41078,68
41079,60
41079,60
41079,60
41079,60
41079,60
41080,21
41080,21
41080,21
41080,21
41080,21
41081,46
41081,46
41081,46
41081,46
41081,46
41082,64
41082,64
41082,64
41082,64
41082,64
41083,43
41083,43
41083,43
41083,43
41083,43
41084,103
41084,103
41084,103
41084,103
41084,103
41085,76
41085,76
41085,76
41085,76
41085,76
41086,69
41086,69
41086,69
41086,69
41086,69
41087,57
41087,57
41087,57
41087,57
41087,57
41088,40
41088,40
41088,40
41088,40
41088,40
41089,37
41089,37
41089,37
41089,37
41089,37
41090,15
41090,15
41090,15
41090,15
41090,15
41091,102
41091,102
41091,102
41091,102
41091,102
41092,42
41092,42
41092,42
41092,42
41092,42
41093,0
41093,0
41093,0
41093,0
41093,0
41094,101
41094,101
41094,101
41094,101
41094,101
41095,94
41095,94
41095,94
41095,94
41095,94
41096,140
41096,140
41096,140
41096,140
41096,140
41097,155
41097,155
41097,155
41097,155
41097,155
41098,122
41098,122
41098,122
41098,122
41098,122
41099,0
41099,0
41099,0
41099,0
41099,0
42001,14
42001,14
42001,14
42001,14
42001,14
42002,211
42002,211
42002,211
42002,211
42002,211
42003,226
42003,226
42003,226
42003,226
42003,226
42004,212
42004,212
42004,212
42004,212
42004,212
42005,190
42005,190
42005,190
42005,190
42005,190
42006,229
42006,229
42006,229
42006,229
42006,229
42007,317
42007,317
42007,317
42007,317
42007,317
42008,290
42008,290
42008,290
42008,290
42008,290
42009,247
42009,247
42009,247
42009,247
42009,247
42010,254
42010,254
42010,254
42010,254
42010,254
42011,192
42011,192
42011,192
42011,192
42011,192
42012,169
42012,169
42012,169
42012,169
42012,169
42013,182
42013,182
42013,182
42013,182
42013,182
42014,194
42014,194
42014,194
42014,194
42014,194
42015,279
42015,279
42015,279
42015,279
42015,279
42016,182
42016,182
42016,182
42016,182
42016,182
42017,151
42017,151
42017,151
42017,151
42017,151
42018,278
42018,278
42018,278
42018,278
42018,278
42019,169
42019,169
42019,169
42019,169
42019,169
42020,220
42020,220
42020,220
42020,220
42020,220
42021,228
42021,228
42021,228
42021,228
42021,228
42022,224
42022,224
42022,224
42022,224
42022,224
42023,151
42023,151
42023,151
42023,151
42023,151
42024,186
42024,186
42024,186
42024,186
42024,186
42025,252
42025,252
42025,252
42025,252
42025,252
42026,178
42026,178
42026,178
42026,178
42026,178
42027,167
42027,167
42027,167
42027,167
42027,167
42028,196
42028,196
42028,196
42028,196
42028,196
42029,211
42029,211
42029,211
42029,211
42029,211
42030,305
42030,305
42030,305
42030,305
42030,305
42031,231
42031,231
42031,231
42031,231
42031,231
42032,60
42032,60
42032,60
42032,60
42032,60
42033,15
42033,15
42033,15
42033,15
42033,15
42034,296
42034,296
42034,296
42034,296
42034,296
42035,284
42035,284
42035,284
42035,284
42035,284
42036,268
42036,268
42036,268
42036,268
42036,268
42037,129
42037,129
42037,129
42037,129
42037,129
42038,232
42038,232
42038,232
42038,232
42038,232
42039,233
42039,233
42039,233
42039,233
42039,233
42040,239
42040,239
42040,239
42040,239
42040,239
42041,247
42041,247
42041,247
42041,247
42041,247
42042,235
42042,235
42042,235
42042,235
42042,235
42043,209
42043,209
42043,209
42043,209
42043,209
42044,138
42044,138
42044,138
42044,138
42044,138
42045,175
42045,175
42045,175
42045,175
42045,175
42046,226
42046,226
42046,226
42046,226
42046,226
42047,183
42047,183
42047,183
42047,183
42047,183
42048,275
42048,275
42048,275
42048,275
42048,275
42049,220
42049,220
42049,220
42049,220
42049,220
42050,191
42050,191
42050,191
42050,191
42050,191
42051,158
42051,158
42051,158
42051,158
42051,158
42052,257
42052,257
42052,257
42052,257
42052,257
42053,192
42053,192
42053,192
42053,192
42053,192
42054,271
42054,271
42054,271
42054,271
42054,271
42055,237
42055,237
42055,237
42055,237
42055,237
42056,191
42056,191
42056,191
42056,191
42056,191
42057,206
42057,206
42057,206
42057,206
42057,206
42058,165
42058,165
42058,165
42058,165
42058,165
42059,109
42059,109
42059,109
42059,109
42059,109
42060,35
42060,35
42060,35
42060,35
42060,35
42061,161
42061,161
42061,161
42061,161
42061,161
42062,253
42062,253
42062,253
42062,253
42062,253
42063,280
42063,280
42063,280
42063,280
42063,280
42064,292
42064,292
42064,292
42064,292
42064,292
42065,195
42065,195
42065,195
42065,195
42065,195
42066,153
42066,153
42066,153
42066,153
42066,153
42067,108
42067,108
42067,108
42067,108
42067,108
42068,165
42068,165
42068,165
42068,165
42068,165
42069,65
42069,65
42069,65
42069,65
42069,65
42070,188
42070,188
42070,188
42070,188
42070,188
42071,187
42071,187
42071,187
42071,187
42071,187
42072,264
42072,264
42072,264
42072,264
42072,264
42073,263
42073,263
42073,263
42073,263
42073,263
42074,164
42074,164
42074,164
42074,164
42074,164
42075,274
42075,274
42075,274
42075,274
42075,274
42076,138
42076,138
42076,138
42076,138
42076,138
42077,208
42077,208
42077,208
42077,208
42077,208
42078,209
42078,209
42078,209
42078,209
42078,209
42079,219
42079,219
42079,219
42079,219
42079,219
42080,175
42080,175
42080,175
42080,175
42080,175
42081,159
42081,159
42081,159
42081,159
42081,159
42082,77
42082,77
42082,77
42082,77
42082,77
43001,360
43001,360
43001,360
43001,360
43001,360
43002,208
43002,208
43002,208
43002,208
43002,208
43003,285
43003,285
43003,285
43003,285
43003,285
43004,288
43004,288
43004,288
43004,288
43004,288
43005,195
43005,195
43005,195
43005,195
43005,195
43006,284
43006,284
43006,284
43006,284
43006,284
43007,250
43007,250
43007,250
43007,250
43007,250
43008,192
43008,192
43008,192
43008,192
43008,192
43009,187
43009,187
43009,187
43009,187
43009,187
43010,108
43010,108
43010,108
43010,108
43010,108
43011,277
43011,277
43011,277
43011,277
43011,277
43012,289
43012,289
43012,289
43012,289
43012,289
43013,186
43013,186
43013,186
43013,186
43013,186
43014,330
43014,330
43014,330
43014,330
43014,330
43015,207
43015,207
43015,207
43015,207
43015,207
43016,254
43016,254
43016,254
43016,254
43016,254
43017,267
43017,267
43017,267
43017,267
43017,267
43018,307
43018,307
43018,307
43018,307
43018,307
43019,230
43019,230
43019,230
43019,230
43019,230
43020,270
43020,270
43020,270
43020,270
43020,270
43021,384
43021,384
43021,384
43021,384
43021,384
43022,244
43022,244
43022,244
43022,244
43022,244
43023,269
43023,269
43023,269
43023,269
43023,269
43024,267
43024,267
43024,267
43024,267
43024,267
43025,225
43025,225
43025,225
43025,225
43025,225
43026,338
43026,338
43026,338
43026,338
43026,338
43027,315
43027,315
43027,315
43027,315
43027,315
43028,331
43028,331
43028,331
43028,331
43028,331
43029,161
43029,161
43029,161
43029,161
43029,161
43030,244
43030,244
43030,244
43030,244
43030,244
43031,359
43031,359
43031,359
43031,359
43031,359
43032,222
43032,222
43032,222
43032,222
43032,222
43033,365
43033,365
43033,365
43033,365
43033,365
43034,148
43034,148
43034,148
43034,148
43034,148
43035,293
43035,293
43035,293
43035,293
43035,293
43036,259
43036,259
43036,259
43036,259
43036,259
43037,300
43037,300
43037,300
43037,300
43037,300
43038,319
43038,319
43038,319
43038,319
43038,319
43039,360
43039,360
43039,360
43039,360
43039,360
43040,159
43040,159
43040,159
43040,159
43040,159
43041,257
43041,257
43041,257
43041,257
43041,257
43042,256
43042,256
43042,256
43042,256
43042,256
43043,238
43043,238
43043,238
43043,238
43043,238
43044,261
43044,261
43044,261
43044,261
43044,261
43045,358
43045,358
43045,358
43045,358
43045,358
43046,299
43046,299
43046,299
43046,299
43046,299
43047,183
43047,183
43047,183
43047,183
43047,183
43048,156
43048,156
43048,156
43048,156
43048,156
43049,241
43049,241
43049,241
43049,241
43049,241
43050,323
43050,323
43050,323
43050,323
43050,323
43051,316
43051,316
43051,316
43051,316
43051,316
43052,245
43052,245
43052,245
43052,245
43052,245
43053,204
43053,204
43053,204
43053,204
43053,204
43054,253
43054,253
43054,253
43054,253
43054,253
43055,254
43055,254
43055,254
43055,254
43055,254
43056,178
43056,178
43056,178
43056,178
43056,178
43057,180
43057,180
43057,180
43057,180
43057,180
43058,160
43058,160
43058,160
43058,160
43058,160
43059,201
43059,201
43059,201
43059,201
43059,201
43060,170
43060,170
43060,170
43060,170
43060,170
43061,191
43061,191
43061,191
43061,191
43061,191
43062,198
43062,198
43062,198
43062,198
43062,198
43063,151
43063,151
43063,151
43063,151
43063,151
43064,168
43064,168
43064,168
43064,168
43064,168
43065,178
43065,178
43065,178
43065,178
43065,178
43066,284
43066,284
43066,284
43066,284
43066,284
43067,250
43067,250
43067,250
43067,250
43067,250
43068,183
43068,183
43068,183
43068,183
43068,183
43069,144
43069,144
43069,144
43069,144
43069,144
43070,21
43070,21
43070,21
43070,21
43070,21
43071,220
43071,220
43071,220
43071,220
43071,220
43072,229
43072,229
43072,229
43072,229
43072,229
43073,370
43073,370
43073,370
43073,370
43073,370
43074,265
43074,265
43074,265
43074,265
43074,265
43075,339
43075,339
43075,339
43075,339
43075,339
43076,200
43076,200
43076,200
43076,200
43076,200
43077,167
43077,167
43077,167
43077,167
43077,167
43078,192
43078,192
43078,192
43078,192
43078,192
43079,114
43079,114
43079,114
43079,114
43079,114
43080,187
43080,187
43080,187
43080,187
43080,187
43081,223
43081,223
43081,223
43081,223
43081,223
43082,247
43082,247
43082,247
43082,247
43082,247
43083,184
43083,184
43083,184
43083,184
43083,184
43084,137
43084,137
43084,137
43084,137
43084,137
43085,188
43085,188
43085,188
43085,188
43085,188
43086,149
43086,149
43086,149
43086,149
43086,149
43087,317
43087,317
43087,317
43087,317
43087,317
44001,87
44001,87
44001,87
44001,87
44001,87
44002,36
44002,36
44002,36
44002,36
44002,36
44003,61
44003,61
44003,61
44003,61
44003,61
44004,49
44004,49
44004,49
44004,49
44004,49
44005,83
44005,83
44005,83
44005,83
44005,83
44006,159
44006,159
44006,159
44006,159
44006,159
44007,177
44007,177
44007,177
44007,177
44007,177
44008,150
44008,150
44008,150
44008,150
44008,150
44009,210
44009,210
44009,210
44009,210
44009,210
44010,164
44010,164
44010,164
44010,164
44010,164
44011,49
44011,49
44011,49
44011,49
44011,49
44012,49
44012,49
44012,49
44012,49
44012,49
44013,27
44013,27
44013,27
44013,27
44013,27
44014,144
44014,144
44014,144
44014,144
44014,144
44015,196
44015,196
44015,196
44015,196
44015,196
44016,132
44016,132
44016,132
44016,132
44016,132
44017,132
44017,132
44017,132
44017,132
44017,132
44018,241
44018,241
44018,241
44018,241
44018,241
44019,143
44019,143
44019,143
44019,143
44019,143
44020,127
44020,127
44020,127
44020,127
44020,127
44021,1
44021,1
44021,1
44021,1
44021,1
44022,2
44022,2
44022,2
44022,2
44022,2
44023,104
44023,104
44023,104
44023,104
44023,104
44024,82
44024,82
44024,82
44024,82
44024,82
44025,161
44025,161
44025,161
44025,161
44025,161
44026,163
44026,163
44026,163
44026,163
44026,163
44027,141
44027,141
44027,141
44027,141
44027,141
44028,126
44028,126
44028,126
44028,126
44028,126
44029,120
44029,120
44029,120
44029,120
44029,120
44030,155
44030,155
44030,155
44030,155
44030,155
44031,266
44031,266
44031,266
44031,266
44031,266
44032,54
44032,54
44032,54
44032,54
44032,54
44033,274
44033,274
44033,274
44033,274
44033,274
44034,166
44034,166
44034,166
44034,166
44034,166
44035,253
44035,253
44035,253
44035,253
44035,253
44036,284
44036,284
44036,284
44036,284
44036,284
44037,104
44037,104
44037,104
44037,104
44037,104
44038,309
44038,309
44038,309
44038,309
44038,309
44039,141
44039,141
44039,141
44039,141
44039,141
44040,36
44040,36
44040,36
44040,36
44040,36
44041,63
44041,63
44041,63
44041,63
44041,63
44042,183
44042,183
44042,183
44042,183
44042,183
44043,185
44043,185
44043,185
44043,185
44043,185
44044,110
44044,110
44044,110
44044,110
44044,110
44045,170
44045,170
44045,170
44045,170
44045,170
44046,142
44046,142
44046,142
44046,142
44046,142
44047,54
44047,54
44047,54
44047,54
44047,54
44048,189
44048,189
44048,189
44048,189
44048,189
44049,244
44049,244
44049,244
44049,244
44049,244
44050,281
44050,281
44050,281
44050,281
44050,281
44051,369
44051,369
44051,369
44051,369
44051,369
44052,354
44052,354
44052,354
44052,354
44052,354
44053,335
44053,335
44053,335
44053,335
44053,335
44054,281
44054,281
44054,281
44054,281
44054,281
44055,298
44055,298
44055,298
44055,298
44055,298
44056,261
44056,261
44056,261
44056,261
44056,261
44057,381
44057,381
44057,381
44057,381
44057,381
44058,297
44058,297
44058,297
44058,297
44058,297
44059,323
44059,323
44059,323
44059,323
44059,323
44060,250
44060,250
44060,250
44060,250
44060,250
44061,181
44061,181
44061,181
44061,181
44061,181
44062,197
44062,197
44062,197
44062,197
44062,197
44063,244
44063,244
44063,244
44063,244
44063,244
44064,104
44064,104
44064,104
44064,104
44064,104
44065,290
44065,290
44065,290
44065,290
44065,290
44066,255
44066,255
44066,255
44066,255
44066,255
44067,124
44067,124
44067,124
44067,124
44067,124
44068,334
44068,334
44068,334
44068,334
44068,334
44069,228
44069,228
44069,228
44069,228
44069,228
44070,217
44070,217
44070,217
44070,217
44070,217
44071,294
44071,294
44071,294
44071,294
44071,294
44072,297
44072,297
44072,297
44072,297
44072,297
44073,319
44073,319
44073,319
44073,319
44073,319
44074,334
44074,334
44074,334
44074,334
44074,334
44075,278
44075,278
44075,278
44075,278
44075,278
44076,349
44076,349
44076,349
44076,349
44076,349
44077,323
44077,323
44077,323
44077,323
44077,323
44078,409
44078,409
44078,409
44078,409
44078,409
44079,311
44079,311
44079,311
44079,311
44079,311
44080,278
44080,278
44080,278
44080,278
44080,278
44081,78
44081,78
44081,78
44081,78
44081,78
44082,160
44082,160
44082,160
44082,160
44082,160
44083,338
44083,338
44083,338
44083,338
44083,338
44084,200
44084,200
44084,200
44084,200
44084,200
44085,44
44085,44
44085,44
44085,44
44085,44
44086,143
44086,143
44086,143
44086,143
44086,143
44087,170
44087,170
44087,170
44087,170
44087,170
44088,175
44088,175
44088,175
44088,175
44088,175
44089,176
44089,176
44089,176
44089,176
44089,176
44090,141
44090,141
44090,141
44090,141
44090,141
44091,0
44091,0
44091,0
44091,0
44091,0
44092,0
44092,0
44092,0
44092,0
44092,0
44093,0
44093,0
44093,0
44093,0
44093,0
45001,192
45001,192
45001,192
45001,192
45001,192
45002,220
45002,220
45002,220
45002,220
45002,220
45003,202
45003,202
45003,202
45003,202
45003,202
45004,137
45004,137
45004,137
45004,137
45004,137
45005,147
45005,147
45005,147
45005,147
45005,147
45006,112
45006,112
45006,112
45006,112
45006,112
45007,6
45007,6
45007,6
45007,6
45007,6
45008,45
45008,45
45008,45
45008,45
45008,45
45009,57
45009,57
45009,57
45009,57
45009,57
45010,19
45010,19
45010,19
45010,19
45010,19
45011,87
45011,87
45011,87
45011,87
45011,87
45012,70
45012,70
45012,70
45012,70
45012,70
45013,91
45013,91
45013,91
45013,91
45013,91
45014,48
45014,48
45014,48
45014,48
45014,48
45015,9
45015,9
45015,9
45015,9
45015,9
45016,35
45016,35
45016,35
45016,35
45016,35
45017,30
45017,30
45017,30
45017,30
45017,30
45018,9
45018,9
45018,9
45018,9
45018,9
45019,40
45019,40
45019,40
45019,40
45019,40
45020,24
45020,24
45020,24
45020,24
45020,24
45021,29
45021,29
45021,29
45021,29
45021,29
45022,25
45022,25
45022,25
45022,25
45022,25
45023,43
45023,43
45023,43
45023,43
45023,43
45024,68
45024,68
45024,68
45024,68
45024,68
45025,30
45025,30
45025,30
45025,30
45025,30
45026,66
45026,66
45026,66
45026,66
45026,66
45027,63
45027,63
45027,63
45027,63
45027,63
45028,67
45028,67
45028,67
45028,67
45028,67
45029,32
45029,32
45029,32
45029,32
45029,32
45030,69
45030,69
45030,69
45030,69
45030,69
45031,28
45031,28
45031,28
45031,28
45031,28
45032,19
45032,19
45032,19
45032,19
45032,19
45033,54
45033,54
45033,54
45033,54
45033,54
45034,47
45034,47
45034,47
45034,47
45034,47
45035,42
45035,42
45035,42
45035,42
45035,42
45036,31
45036,31
45036,31
45036,31
45036,31
45037,40
45037,40
45037,40
45037,40
45037,40
45038,46
45038,46
45038,46
45038,46
45038,46
45039,7
45039,7
45039,7
45039,7
45039,7
45040,70
45040,70
45040,70
45040,70
45040,70
45041,15
45041,15
45041,15
45041,15
45041,15
45042,52
45042,52
45042,52
45042,52
45042,52
45043,73
45043,73
45043,73
45043,73
45043,73
45044,49
45044,49
45044,49
45044,49
45044,49
45045,95
45045,95
45045,95
45045,95
45045,95
45046,95
45046,95
45046,95
45046,95
45046,95
45047,8
45047,8
45047,8
45047,8
45047,8
45048,37
45048,37
45048,37
45048,37
45048,37
45049,14
45049,14
45049,14
45049,14
45049,14
45050,78
45050,78
45050,78
45050,78
45050,78
45051,60
45051,60
45051,60
45051,60
45051,60
45052,0
45052,0
45052,0
45052,0
45052,0
45053,44
45053,44
45053,44
45053,44
45053,44
45054,63
45054,63
45054,63
45054,63
45054,63
45055,5
45055,5
45055,5
45055,5
45055,5
45056,79
45056,79
45056,79
45056,79
45056,79
45057,68
45057,68
45057,68
45057,68
45057,68
45058,68
45058,68
45058,68
45058,68
45058,68
45059,68
45059,68
45059,68
45059,68
45059,68
45060,89
45060,89
45060,89
45060,89
45060,89
45061,41
45061,41
45061,41
45061,41
45061,41
45062,74
45062,74
45062,74
45062,74
45062,74
45063,53
45063,53
45063,53
45063,53
45063,53
45064,26
45064,26
45064,26
45064,26
45064,26
45065,36
45065,36
45065,36
45065,36
45065,36
45066,43
45066,43
45066,43
45066,43
45066,43
45067,33
45067,33
45067,33
45067,33
45067,33
45068,43
45068,43
45068,43
45068,43
45068,43
45069,40
45069,40
45069,40
45069,40
45069,40
45070,52
45070,52
45070,52
45070,52
45070,52
45071,33
45071,33
45071,33
45071,33
45071,33
45072,27
45072,27
45072,27
45072,27
45072,27
45073,43
45073,43
45073,43
45073,43
45073,43
45074,36
45074,36
45074,36
45074,36
45074,36
45075,55
45075,55
45075,55
45075,55
45075,55
45076,27
45076,27
45076,27
45076,27
45076,27
45077,42
45077,42
45077,42
45077,42
45077,42
45078,91
45078,91
45078,91
45078,91
45078,91
45079,0
45079,0
45079,0
45079,0
45079,0
45080,0
45080,0
45080,0
45080,0
45080,0
46001,55
46001,55
46001,55
46001,55
46001,55
46002,70
46002,70
46002,70
46002,70
46002,70
46003,50
46003,50
46003,50
46003,50
46003,50
46004,128
46004,128
46004,128
46004,128
46004,128
46005,107
46005,107
46005,107
46005,107
46005,107
46006,64
46006,64
46006,64
46006,64
46006,64
46007,72
46007,72
46007,72
46007,72
46007,72
46008,36
46008,36
46008,36
46008,36
46008,36
46009,85
46009,85
46009,85
46009,85
46009,85
46010,87
46010,87
46010,87
46010,87
46010,87
46011,72
46011,72
46011,72
46011,72
46011,72
46012,120
46012,120
46012,120
46012,120
46012,120
46013,92
46013,92
46013,92
46013,92
46013,92
46014,91
46014,91
46014,91
46014,91
46014,91
46015,71
46015,71
46015,71
46015,71
46015,71
46016,90
46016,90
46016,90
46016,90
46016,90
46017,39
46017,39
46017,39
46017,39
46017,39
46018,30
46018,30
46018,30
46018,30
46018,30
46019,75
46019,75
46019,75
46019,75
46019,75
46020,55
46020,55
46020,55
46020,55
46020,55
46021,48
46021,48
46021,48
46021,48
46021,48
46022,44
46022,44
46022,44
46022,44
46022,44
46023,62
46023,62
46023,62
46023,62
46023,62
46024,53
46024,53
46024,53
46024,53
46024,53
46025,62
46025,62
46025,62
46025,62
46025,62
46026,80
46026,80
46026,80
46026,80
46026,80
46027,68
46027,68
46027,68
46027,68
46027,68
46028,57
46028,57
46028,57
46028,57
46028,57
46029,46
46029,46
46029,46
46029,46
46029,46
46030,63
46030,63
46030,63
46030,63
46030,63
46031,148
46031,148
46031,148
46031,148
46031,148
46032,89
46032,89
46032,89
46032,89
46032,89
46033,113
46033,113
46033,113
46033,113
46033,113
46034,84
46034,84
46034,84
46034,84
46034,84
46035,36
46035,36
46035,36
46035,36
46035,36
46036,67
46036,67
46036,67
46036,67
46036,67
46037,1
46037,1
46037,1
46037,1
46037,1
46038,54
46038,54
46038,54
46038,54
46038,54
46039,45
46039,45
46039,45
46039,45
46039,45
46040,24
46040,24
46040,24
46040,24
46040,24
46041,126
46041,126
46041,126
46041,126
46041,126
46042,49
46042,49
46042,49
46042,49
46042,49
46043,47
46043,47
46043,47
46043,47
46043,47
46044,39
46044,39
46044,39
46044,39
46044,39
46045,60
46045,60
46045,60
46045,60
46045,60
46046,27
46046,27
46046,27
46046,27
46046,27
46047,78
46047,78
46047,78
46047,78
46047,78
46048,110
46048,110
46048,110
46048,110
46048,110
46049,142
46049,142
46049,142
46049,142
46049,142
46050,110
46050,110
46050,110
46050,110
46050,110
46051,131
46051,131
46051,131
46051,131
46051,131
46052,57
46052,57
46052,57
46052,57
46052,57
46053,143
46053,143
46053,143
46053,143
46053,143
46054,125
46054,125
46054,125
46054,125
46054,125
46055,128
46055,128
46055,128
46055,128
46055,128
46056,149
46056,149
46056,149
46056,149
46056,149
46057,98
46057,98
46057,98
46057,98
46057,98
46058,134
46058,134
46058,134
46058,134
46058,134
46059,136
46059,136
46059,136
46059,136
46059,136
46060,135
46060,135
46060,135
46060,135
46060,135
46061,64
46061,64
46061,64
46061,64
46061,64
46062,150
46062,150
46062,150
46062,150
46062,150
46063,126
46063,126
46063,126
46063,126
46063,126
46064,128
46064,128
46064,128
46064,128
46064,128
46065,160
46065,160
46065,160
46065,160
46065,160
46066,83
46066,83
46066,83
46066,83
46066,83
46067,50
46067,50
46067,50
46067,50
46067,50
46068,71
46068,71
46068,71
46068,71
46068,71
46069,85
46069,85
46069,85
46069,85
46069,85
46070,54
46070,54
46070,54
46070,54
46070,54
46071,65
46071,65
46071,65
46071,65
46071,65
46072,92
46072,92
46072,92
46072,92
46072,92
46073,49
46073,49
46073,49
46073,49
46073,49
46074,23
46074,23
46074,23
46074,23
46074,23
46075,138
46075,138
46075,138
46075,138
46075,138
46076,83
46076,83
46076,83
46076,83
46076,83
46077,60
46077,60
46077,60
46077,60
46077,60
46078,110
46078,110
46078,110
46078,110
46078,110
46079,63
46079,63
46079,63
46079,63
46079,63
46080,105
46080,105
46080,105
46080,105
46080,105
46081,19
46081,19
46081,19
46081,19
46081,19
46082,0
46082,0
46082,0
46082,0
46082,0
46083,0
46083,0
46083,0
46083,0
46083,0
46084,0
46084,0
46084,0
46084,0
46084,0
47001,49
47001,49
47001,49
47001,49
47001,49
47002,84
47002,84
47002,84
47002,84
47002,84
47003,48
47003,48
47003,48
47003,48
47003,48
47004,6
47004,6
47004,6
47004,6
47004,6
47005,65
47005,65
47005,65
47005,65
47005,65
47006,79
47006,79
47006,79
47006,79
47006,79
47007,65
47007,65
47007,65
47007,65
47007,65
47008,83
47008,83
47008,83
47008,83
47008,83
47009,67
47009,67
47009,67
47009,67
47009,67
47010,11
47010,11
47010,11
47010,11
47010,11
47011,64
47011,64
47011,64
47011,64
47011,64
47012,58
47012,58
47012,58
47012,58
47012,58
47013,86
47013,86
47013,86
47013,86
47013,86
47014,66
47014,66
47014,66
47014,66
47014,66
47015,66
47015,66
47015,66
47015,66
47015,66
47016,54
47016,54
47016,54
47016,54
47016,54
47017,78
47017,78
47017,78
47017,78
47017,78
47018,46
47018,46
47018,46
47018,46
47018,46
47019,14
47019,14
47019,14
47019,14
47019,14
47020,55
47020,55
47020,55
47020,55
47020,55
47021,67
47021,67
47021,67
47021,67
47021,67
47022,52
47022,52
47022,52
47022,52
47022,52
47023,83
47023,83
47023,83
47023,83
47023,83
47024,74
47024,74
47024,74
47024,74
47024,74
47025,83
47025,83
47025,83
47025,83
47025,83
47026,64
47026,64
47026,64
47026,64
47026,64
47027,103
47027,103
47027,103
47027,103
47027,103
47028,63
47028,63
47028,63
47028,63
47028,63
47029,54
47029,54
47029,54
47029,54
47029,54
47030,45
47030,45
47030,45
47030,45
47030,45
47031,102
47031,102
47031,102
47031,102
47031,102
47032,25
47032,25
47032,25
47032,25
47032,25
47033,29
47033,29
47033,29
47033,29
47033,29
47034,47
47034,47
47034,47
47034,47
47034,47
47035,0
47035,0
47035,0
47035,0
47035,0
47036,51
47036,51
47036,51
47036,51
47036,51
47037,50
47037,50
47037,50
47037,50
47037,50
47038,16
47038,16
47038,16
47038,16
47038,16
47039,33
47039,33
47039,33
47039,33
47039,33
47040,27
47040,27
47040,27
47040,27
47040,27
47041,70
47041,70
47041,70
47041,70
47041,70
47042,22
47042,22
47042,22
47042,22
47042,22
47043,83
47043,83
47043,83
47043,83
47043,83
47044,71
47044,71
47044,71
47044,71
47044,71
47045,73
47045,73
47045,73
47045,73
47045,73
47046,51
47046,51
47046,51
47046,51
47046,51
47047,66
47047,66
47047,66
47047,66
47047,66
47048,56
47048,56
47048,56
47048,56
47048,56
47049,66
47049,66
47049,66
47049,66
47049,66
47050,69
47050,69
47050,69
47050,69
47050,69
47051,87
47051,87
47051,87
47051,87
47051,87
47052,40
47052,40
47052,40
47052,40
47052,40
47053,70
47053,70
47053,70
47053,70
47053,70
47054,79
47054,79
47054,79
47054,79
47054,79
47055,65
47055,65
47055,65
47055,65
47055,65
47056,53
47056,53
47056,53
47056,53
47056,53
47057,86
47057,86
47057,86
47057,86
47057,86
47058,49
47058,49
47058,49
47058,49
47058,49
47059,78
47059,78
47059,78
47059,78
47059,78
47060,27
47060,27
47060,27
47060,27
47060,27
47061,54
47061,54
47061,54
47061,54
47061,54
47062,65
47062,65
47062,65
47062,65
47062,65
47063,72
47063,72
47063,72
47063,72
47063,72
47064,60
47064,60
47064,60
47064,60
47064,60
47065,64
47065,64
47065,64
47065,64
47065,64
47066,29
47066,29
47066,29
47066,29
47066,29
47067,35
47067,35
47067,35
47067,35
47067,35
47068,22
47068,22
47068,22
47068,22
47068,22
47069,59
47069,59
47069,59
47069,59
47069,59
47070,32
47070,32
47070,32
47070,32
47070,32
47071,42
47071,42
47071,42
47071,42
47071,42
47072,29
47072,29
47072,29
47072,29
47072,29
47073,0
47073,0
47073,0
47073,0
47073,0
47074,0
47074,0
47074,0
47074,0
47074,0
48001,10
48001,10
48001,10
48001,10
48001,10
48002,11
48002,11
48002,11
48002,11
48002,11
48003,40
48003,40
48003,40
48003,40
48003,40
48004,56
48004,56
48004,56
48004,56
48004,56
48005,44
48005,44
48005,44
48005,44
48005,44
48006,33
48006,33
48006,33
48006,33
48006,33
48007,33
48007,33
48007,33
48007,33
48007,33
48008,7
48008,7
48008,7
48008,7
48008,7
48009,47
48009,47
48009,47
48009,47
48009,47
48010,28
48010,28
48010,28
48010,28
48010,28
48011,37
48011,37
48011,37
48011,37
48011,37
48012,33
48012,33
48012,33
48012,33
48012,33
48013,49
48013,49
48013,49
48013,49
48013,49
48014,44
48014,44
48014,44
48014,44
48014,44
48015,50
48015,50
48015,50
48015,50
48015,50
48016,28
48016,28
48016,28
48016,28
48016,28
48017,30
48017,30
48017,30
48017,30
48017,30
48018,42
48018,42
48018,42
48018,42
48018,42
48019,44
48019,44
48019,44
48019,44
48019,44
48020,30
48020,30
48020,30
48020,30
48020,30
48021,33
48021,33
48021,33
48021,33
48021,33
48022,39
48022,39
48022,39
48022,39
48022,39
48023,45
48023,45
48023,45
48023,45
48023,45
48024,39
48024,39
48024,39
48024,39
48024,39
48025,36
48025,36
48025,36
48025,36
48025,36
48026,68
48026,68
48026,68
48026,68
48026,68
48027,35
48027,35
48027,35
48027,35
48027,35
48028,52
48028,52
48028,52
48028,52
48028,52
48029,52
48029,52
48029,52
48029,52
48029,52
48030,56
48030,56
48030,56
48030,56
48030,56
48031,43
48031,43
48031,43
48031,43
48031,43
48032,49
48032,49
48032,49
48032,49
48032,49
48033,22
48033,22
48033,22
48033,22
48033,22
48034,27
48034,27
48034,27
48034,27
48034,27
48035,9
48035,9
48035,9
48035,9
48035,9
48036,71
48036,71
48036,71
48036,71
48036,71
48037,58
48037,58
48037,58
48037,58
48037,58
48038,32
48038,32
48038,32
48038,32
48038,32
48039,28
48039,28
48039,28
48039,28
48039,28
48040,69
48040,69
48040,69
48040,69
48040,69
48041,26
48041,26
48041,26
48041,26
48041,26
48042,66
48042,66
48042,66
48042,66
48042,66
48043,68
48043,68
48043,68
48043,68
48043,68
48044,63
48044,63
48044,63
48044,63
48044,63
48045,36
48045,36
48045,36
48045,36
48045,36
48046,65
48046,65
48046,65
48046,65
48046,65
48047,90
48047,90
48047,90
48047,90
48047,90
48048,71
48048,71
48048,71
48048,71
48048,71
48049,49
48049,49
48049,49
48049,49
48049,49
48050,48
48050,48
48050,48
48050,48
48050,48
48051,38
48051,38
48051,38
48051,38
48051,38
48052,51
48052,51
48052,51
48052,51
48052,51
48053,0
48053,0
48053,0
48053,0
48053,0
48054,135
48054,135
48054,135
48054,135
48054,135
48055,179
48055,179
48055,179
48055,179
48055,179
48056,207
48056,207
48056,207
48056,207
48056,207
48057,49
48057,49
48057,49
48057,49
48057,49
48058,138
48058,138
48058,138
48058,138
48058,138
48059,109
48059,109
48059,109
48059,109
48059,109
48060,98
48060,98
48060,98
48060,98
48060,98
48061,149
48061,149
48061,149
48061,149
48061,149
48062,154
48062,154
48062,154
48062,154
48062,154
48063,156
48063,156
48063,156
48063,156
48063,156
48064,120
48064,120
48064,120
48064,120
48064,120
48065,121
48065,121
48065,121
48065,121
48065,121
48066,66
48066,66
48066,66
48066,66
48066,66
48067,30
48067,30
48067,30
48067,30
48067,30
48068,0
48068,0
48068,0
48068,0
48068,0
48069,0
48069,0
48069,0
48069,0
48069,0
48070,209
48070,209
48070,209
48070,209
48070,209
48071,17
48071,17
48071,17
48071,17
48071,17
48072,40
48072,40
48072,40
48072,40
48072,40
49001,84
49001,84
49001,84
49001,84
49001,84
49002,42
49002,42
49002,42
49002,42
49002,42
49003,46
49003,46
49003,46
49003,46
49003,46
49004,89
49004,89
49004,89
49004,89
49004,89
49005,51
49005,51
49005,51
49005,51
49005,51
49006,21
49006,21
49006,21
49006,21
49006,21
49007,30
49007,30
49007,30
49007,30
49007,30
49008,53
49008,53
49008,53
49008,53
49008,53
49009,56
49009,56
49009,56
49009,56
49009,56
49010,53
49010,53
49010,53
49010,53
49010,53
49011,11
49011,11
49011,11
49011,11
49011,11
49012,27
49012,27
49012,27
49012,27
49012,27
49013,26
49013,26
49013,26
49013,26
49013,26
49014,1
49014,1
49014,1
49014,1
49014,1
49015,0
49015,0
49015,0
49015,0
49015,0
49016,81
49016,81
49016,81
49016,81
49016,81
49017,49
49017,49
49017,49
49017,49
49017,49
49018,8
49018,8
49018,8
49018,8
49018,8
49019,58
49019,58
49019,58
49019,58
49019,58
49020,69
49020,69
49020,69
49020,69
49020,69
49021,85
49021,85
49021,85
49021,85
49021,85
49022,83
49022,83
49022,83
49022,83
49022,83
49023,80
49023,80
49023,80
49023,80
49023,80
49024,57
49024,57
49024,57
49024,57
49024,57
49025,59
49025,59
49025,59
49025,59
49025,59
49026,49
49026,49
49026,49
49026,49
49026,49
49027,35
49027,35
49027,35
49027,35
49027,35
49028,56
49028,56
49028,56
49028,56
49028,56
49029,14
49029,14
49029,14
49029,14
49029,14
49030,25
49030,25
49030,25
49030,25
49030,25
49031,35
49031,35
49031,35
49031,35
49031,35
49032,49
49032,49
49032,49
49032,49
49032,49
49033,18
49033,18
49033,18
49033,18
49033,18
49034,33
49034,33
49034,33
49034,33
49034,33
49035,84
49035,84
49035,84
49035,84
49035,84
49036,31
49036,31
49036,31
49036,31
49036,31
49037,76
49037,76
49037,76
49037,76
49037,76
49038,52
49038,52
49038,52
49038,52
49038,52
49039,79
49039,79
49039,79
49039,79
49039,79
49040,55
49040,55
49040,55
49040,55
49040,55
49041,60
49041,60
49041,60
49041,60
49041,60
49042,54
49042,54
49042,54
49042,54
49042,54
49043,32
49043,32
49043,32
49043,32
49043,32
49044,26
49044,26
49044,26
49044,26
49044,26
49045,23
49045,23
49045,23
49045,23
49045,23
49046,11
49046,11
49046,11
49046,11
49046,11
49047,73
49047,73
49047,73
49047,73
49047,73
49048,67
49048,67
49048,67
49048,67
49048,67
49049,68
49049,68
49049,68
49049,68
49049,68
49050,82
49050,82
49050,82
49050,82
49050,82
49051,62
49051,62
49051,62
49051,62
49051,62
49052,56
49052,56
49052,56
49052,56
49052,56
49053,88
49053,88
49053,88
49053,88
49053,88
49054,63
49054,63
49054,63
49054,63
49054,63
49055,41
49055,41
49055,41
49055,41
49055,41
49056,0
49056,0
49056,0
49056,0
49056,0
49057,26
49057,26
49057,26
49057,26
49057,26
49058,70
49058,70
49058,70
49058,70
49058,70
49059,83
49059,83
49059,83
49059,83
49059,83
49060,0
49060,0
49060,0
49060,0
49060,0
49061,62
49061,62
49061,62
49061,62
49061,62
49062,56
49062,56
49062,56
49062,56
49062,56
49063,54
49063,54
49063,54
49063,54
49063,54
49064,41
49064,41
49064,41
49064,41
49064,41
49065,65
49065,65
49065,65
49065,65
49065,65
49066,49
49066,49
49066,49
49066,49
49066,49
49067,44
49067,44
49067,44
49067,44
49067,44
49068,35
49068,35
49068,35
49068,35
49068,35
49069,51
49069,51
49069,51
49069,51
49069,51
49070,70
49070,70
49070,70
49070,70
49070,70
49071,0
49071,0
49071,0
49071,0
49071,0
50001,202
50001,202
50001,202
50001,202
50001,202
50002,224
50002,224
50002,224
50002,224
50002,224
50003,412
50003,412
50003,412
50003,412
50003,412
50004,164
50004,164
50004,164
50004,164
50004,164
50005,331
50005,331
50005,331
50005,331
50005,331
50006,299
50006,299
50006,299
50006,299
50006,299
50007,215
50007,215
50007,215
50007,215
50007,215
50008,301
50008,301
50008,301
50008,301
50008,301
50009,319
50009,319
50009,319
50009,319
50009,319
50010,295
50010,295
50010,295
50010,295
50010,295
50011,203
50011,203
50011,203
50011,203
50011,203
50012,266
50012,266
50012,266
50012,266
50012,266
50013,1
50013,1
50013,1
50013,1
50013,1
50014,69
50014,69
50014,69
50014,69
50014,69
50015,200
50015,200
50015,200
50015,200
50015,200
50016,160
50016,160
50016,160
50016,160
50016,160
50017,199
50017,199
50017,199
50017,199
50017,199
50018,213
50018,213
50018,213
50018,213
50018,213
50019,295
50019,295
50019,295
50019,295
50019,295
50020,279
50020,279
50020,279
50020,279
50020,279
50021,343
50021,343
50021,343
50021,343
50021,343
50022,205
50022,205
50022,205
50022,205
50022,205
50023,0
50023,0
50023,0
50023,0
50023,0
50024,0
50024,0
50024,0
50024,0
50024,0
50025,75
50025,75
50025,75
50025,75
50025,75
50026,335
50026,335
50026,335
50026,335
50026,335
50027,356
50027,356
50027,356
50027,356
50027,356
50028,334
50028,334
50028,334
50028,334
50028,334
50029,280
50029,280
50029,280
50029,280
50029,280
50030,298
50030,298
50030,298
50030,298
50030,298
50031,262
50031,262
50031,262
50031,262
50031,262
50032,320
50032,320
50032,320
50032,320
50032,320
50033,354
50033,354
50033,354
50033,354
50033,354
50034,272
50034,272
50034,272
50034,272
50034,272
50035,307
50035,307
50035,307
50035,307
50035,307
50036,196
50036,196
50036,196
50036,196
50036,196
50037,275
50037,275
50037,275
50037,275
50037,275
50038,276
50038,276
50038,276
50038,276
50038,276
50039,223
50039,223
50039,223
50039,223
50039,223
50040,261
50040,261
50040,261
50040,261
50040,261
50041,300
50041,300
50041,300
50041,300
50041,300
50042,296
50042,296
50042,296
50042,296
50042,296
50043,226
50043,226
50043,226
50043,226
50043,226
50044,213
50044,213
50044,213
50044,213
50044,213
50045,44
50045,44
50045,44
50045,44
50045,44
50046,248
50046,248
50046,248
50046,248
50046,248
50047,231
50047,231
50047,231
50047,231
50047,231
50048,434
50048,434
50048,434
50048,434
50048,434
50049,102
50049,102
50049,102
50049,102
50049,102
50050,182
50050,182
50050,182
50050,182
50050,182
50051,160
50051,160
50051,160
50051,160
50051,160
50052,168
50052,168
50052,168
50052,168
50052,168
50053,160
50053,160
50053,160
50053,160
50053,160
50054,129
50054,129
50054,129
50054,129
50054,129
50055,68
50055,68
50055,68
50055,68
50055,68
50056,84
50056,84
50056,84
50056,84
50056,84
50057,180
50057,180
50057,180
50057,180
50057,180
50058,162
50058,162
50058,162
50058,162
50058,162
50059,227
50059,227
50059,227
50059,227
50059,227
50060,167
50060,167
50060,167
50060,167
50060,167
50061,231
50061,231
50061,231
50061,231
50061,231
50062,116
50062,116
50062,116
50062,116
50062,116
50063,206
50063,206
50063,206
50063,206
50063,206
50064,157
50064,157
50064,157
50064,157
50064,157
50065,142
50065,142
50065,142
50065,142
50065,142
50066,262
50066,262
50066,262
50066,262
50066,262
50067,118
50067,118
50067,118
50067,118
50067,118
50068,145
50068,145
50068,145
50068,145
50068,145
50069,198
50069,198
50069,198
50069,198
50069,198
50070,191
50070,191
50070,191
50070,191
50070,191
50071,102
50071,102
50071,102
50071,102
50071,102
50072,191
50072,191
50072,191
50072,191
50072,191
50073,207
50073,207
50073,207
50073,207
50073,207
50074,303
50074,303
50074,303
50074,303
50074,303
50075,194
50075,194
50075,194
50075,194
50075,194
50076,261
50076,261
50076,261
50076,261
50076,261
50077,232
50077,232
50077,232
50077,232
50077,232
50078,197
50078,197
50078,197
50078,197
50078,197
50079,178
50079,178
50079,178
50079,178
50079,178
50080,282
50080,282
50080,282
50080,282
50080,282
50081,41
50081,41
50081,41
50081,41
50081,41
50082,181
50082,181
50082,181
50082,181
50082,181
50083,257
50083,257
50083,257
50083,257
50083,257
50084,56
50084,56
50084,56
50084,56
50084,56
50085,62
50085,62
50085,62
50085,62
50085,62
50086,0
50086,0
50086,0
50086,0
50086,0
50087,36
50087,36
50087,36
50087,36
50087,36
50088,50
50088,50
50088,50
50088,50
50088,50
50089,268
50089,268
50089,268
50089,268
50089,268
50090,212
50090,212
50090,212
50090,212
50090,212
50091,184
50091,184
50091,184
50091,184
50091,184
50092,209
50092,209
50092,209
50092,209
50092,209
50093,50
50093,50
50093,50
50093,50
50093,50
50094,29
50094,29
50094,29
50094,29
50094,29
50095,307
50095,307
50095,307
50095,307
50095,307
50096,278
50096,278
50096,278
50096,278
50096,278
50097,236
50097,236
50097,236
50097,236
50097,236
50098,137
50098,137
50098,137
50098,137
50098,137
50099,227
50099,227
50099,227
50099,227
50099,227
50100,199
50100,199
50100,199
50100,199
50100,199
50101,186
50101,186
50101,186
50101,186
50101,186
50102,92
50102,92
50102,92
50102,92
50102,92
50103,0
50103,0
50103,0
50103,0
50103,0
50104,0
50104,0
50104,0
50104,0
50104,0
50105,0
50105,0
50105,0
50105,0
50105,0
50106,0
50106,0
50106,0
50106,0
50106,0
50107,0
50107,0
50107,0
50107,0
50107,0
51001,245
51001,245
51001,245
51001,245
51001,245
51002,120
51002,120
51002,120
51002,120
51002,120
51003,189
51003,189
51003,189
51003,189
51003,189
51004,115
51004,115
51004,115
51004,115
51004,115
51005,85
51005,85
51005,85
51005,85
51005,85
51006,111
51006,111
51006,111
51006,111
51006,111
51007,291
51007,291
51007,291
51007,291
51007,291
51008,112
51008,112
51008,112
51008,112
51008,112
51009,44
51009,44
51009,44
51009,44
51009,44
51010,21
51010,21
51010,21
51010,21
51010,21
51011,274
51011,274
51011,274
51011,274
51011,274
51012,244
51012,244
51012,244
51012,244
51012,244
51013,218
51013,218
51013,218
51013,218
51013,218
51014,95
51014,95
51014,95
51014,95
51014,95
51015,70
51015,70
51015,70
51015,70
51015,70
51016,59
51016,59
51016,59
51016,59
51016,59
51017,106
51017,106
51017,106
51017,106
51017,106
51018,0
51018,0
51018,0
51018,0
51018,0
51019,18
51019,18
51019,18
51019,18
51019,18
51020,255
51020,255
51020,255
51020,255
51020,255
51021,54
51021,54
51021,54
51021,54
51021,54
51022,52
51022,52
51022,52
51022,52
51022,52
51023,208
51023,208
51023,208
51023,208
51023,208
51024,85
51024,85
51024,85
51024,85
51024,85
51025,0
51025,0
51025,0
51025,0
51025,0
51026,105
51026,105
51026,105
51026,105
51026,105
51027,43
51027,43
51027,43
51027,43
51027,43
51028,21
51028,21
51028,21
51028,21
51028,21
51029,148
51029,148
51029,148
51029,148
51029,148
51030,72
51030,72
51030,72
51030,72
51030,72
51031,150
51031,150
51031,150
51031,150
51031,150
51032,128
51032,128
51032,128
51032,128
51032,128
51033,159
51033,159
51033,159
51033,159
51033,159
51034,86
51034,86
51034,86
51034,86
51034,86
51035,201
51035,201
51035,201
51035,201
51035,201
51036,174
51036,174
51036,174
51036,174
51036,174
51037,175
51037,175
51037,175
51037,175
51037,175
51038,245
51038,245
51038,245
51038,245
51038,245
51039,177
51039,177
51039,177
51039,177
51039,177
51040,309
51040,309
51040,309
51040,309
51040,309
51041,255
51041,255
51041,255
51041,255
51041,255
51042,302
51042,302
51042,302
51042,302
51042,302
51043,136
51043,136
51043,136
51043,136
51043,136
51044,74
51044,74
51044,74
51044,74
51044,74
51045,7
51045,7
51045,7
51045,7
51045,7
51046,11
51046,11
51046,11
51046,11
51046,11
51047,68
51047,68
51047,68
51047,68
51047,68
51048,1
51048,1
51048,1
51048,1
51048,1
51049,272
51049,272
51049,272
51049,272
51049,272
51050,64
51050,64
51050,64
51050,64
51050,64
51051,152
51051,152
51051,152
51051,152
51051,152
51052,93
51052,93
51052,93
51052,93
51052,93
51053,99
51053,99
51053,99
51053,99
51053,99
51054,125
51054,125
51054,125
51054,125
51054,125
51055,236
51055,236
51055,236
51055,236
51055,236
51056,2
51056,2
51056,2
51056,2
51056,2
51057,4
51057,4
51057,4
51057,4
51057,4
51058,36
51058,36
51058,36
51058,36
51058,36
51059,110
51059,110
51059,110
51059,110
51059,110
51060,113
51060,113
51060,113
51060,113
51060,113
51061,116
51061,116
51061,116
51061,116
51061,116
51062,147
51062,147
51062,147
51062,147
51062,147
51063,148
51063,148
51063,148
51063,148
51063,148
51064,121
51064,121
51064,121
51064,121
51064,121
51065,145
51065,145
51065,145
51065,145
51065,145
51066,101
51066,101
51066,101
51066,101
51066,101
51067,124
51067,124
51067,124
51067,124
51067,124
51068,52
51068,52
51068,52
51068,52
51068,52
51069,133
51069,133
51069,133
51069,133
51069,133
51070,145
51070,145
51070,145
51070,145
51070,145
51071,166
51071,166
51071,166
51071,166
51071,166
51072,231
51072,231
51072,231
51072,231
51072,231
51073,194
51073,194
51073,194
51073,194
51073,194
51074,96
51074,96
51074,96
51074,96
51074,96
51075,96
51075,96
51075,96
51075,96
51075,96
51076,136
51076,136
51076,136
51076,136
51076,136
51077,133
51077,133
51077,133
51077,133
51077,133
51078,83
51078,83
51078,83
51078,83
51078,83
51079,170
51079,170
51079,170
51079,170
51079,170
51080,47
51080,47
51080,47
51080,47
51080,47
51081,126
51081,126
51081,126
51081,126
51081,126
51082,229
51082,229
51082,229
51082,229
51082,229
51083,255
51083,255
51083,255
51083,255
51083,255
51084,0
51084,0
51084,0
51084,0
51084,0
51085,0
51085,0
51085,0
51085,0
51085,0
51086,0
51086,0
51086,0
51086,0
51086,0
51087,0
51087,0
51087,0
51087,0
51087,0
52001,165
52001,165
52001,165
52001,165
52001,165
52002,172
52002,172
52002,172
52002,172
52002,172
52003,82
52003,82
52003,82
52003,82
52003,82
52004,192
52004,192
52004,192
52004,192
52004,192
52005,138
52005,138
52005,138
52005,138
52005,138
52006,187
52006,187
52006,187
52006,187
52006,187
52007,305
52007,305
52007,305
52007,305
52007,305
52008,343
52008,343
52008,343
52008,343
52008,343
52009,196
52009,196
52009,196
52009,196
52009,196
52010,338
52010,338
52010,338
52010,338
52010,338
52011,237
52011,237
52011,237
52011,237
52011,237
52012,261
52012,261
52012,261
52012,261
52012,261
52013,284
52013,284
52013,284
52013,284
52013,284
52014,197
52014,197
52014,197
52014,197
52014,197
52015,276
52015,276
52015,276
52015,276
52015,276
52016,285
52016,285
52016,285
52016,285
52016,285
52017,215
52017,215
52017,215
52017,215
52017,215
52018,268
52018,268
52018,268
52018,268
52018,268
52019,254
52019,254
52019,254
52019,254
52019,254
52020,246
52020,246
52020,246
52020,246
52020,246
52021,59
52021,59
52021,59
52021,59
52021,59
52022,133
52022,133
52022,133
52022,133
52022,133
52023,273
52023,273
52023,273
52023,273
52023,273
52024,130
52024,130
52024,130
52024,130
52024,130
52025,403
52025,403
52025,403
52025,403
52025,403
52026,195
52026,195
52026,195
52026,195
52026,195
52027,836
52027,836
52027,836
52027,836
52027,836
52028,307
52028,307
52028,307
52028,307
52028,307
52029,252
52029,252
52029,252
52029,252
52029,252
52030,324
52030,324
52030,324
52030,324
52030,324
52031,304
52031,304
52031,304
52031,304
52031,304
52032,283
52032,283
52032,283
52032,283
52032,283
52033,223
52033,223
52033,223
52033,223
52033,223
52034,245
52034,245
52034,245
52034,245
52034,245
52035,296
52035,296
52035,296
52035,296
52035,296
52036,259
52036,259
52036,259
52036,259
52036,259
52037,312
52037,312
52037,312
52037,312
52037,312
52038,312
52038,312
52038,312
52038,312
52038,312
52039,343
52039,343
52039,343
52039,343
52039,343
52040,317
52040,317
52040,317
52040,317
52040,317
52041,125
52041,125
52041,125
52041,125
52041,125
52042,265
52042,265
52042,265
52042,265
52042,265
52043,271
52043,271
52043,271
52043,271
52043,271
52044,250
52044,250
52044,250
52044,250
52044,250
52045,223
52045,223
52045,223
52045,223
52045,223
52046,325
52046,325
52046,325
52046,325
52046,325
52047,289
52047,289
52047,289
52047,289
52047,289
52048,254
52048,254
52048,254
52048,254
52048,254
52049,247
52049,247
52049,247
52049,247
52049,247
52050,196
52050,196
52050,196
52050,196
52050,196
52051,169
52051,169
52051,169
52051,169
52051,169
52052,121
52052,121
52052,121
52052,121
52052,121
52053,239
52053,239
52053,239
52053,239
52053,239
52054,112
52054,112
52054,112
52054,112
52054,112
52055,232
52055,232
52055,232
52055,232
52055,232
52056,213
52056,213
52056,213
52056,213
52056,213
52057,277
52057,277
52057,277
52057,277
52057,277
52058,223
52058,223
52058,223
52058,223
52058,223
52059,345
52059,345
52059,345
52059,345
52059,345
52060,246
52060,246
52060,246
52060,246
52060,246
52061,287
52061,287
52061,287
52061,287
52061,287
52062,212
52062,212
52062,212
52062,212
52062,212
52063,0
52063,0
52063,0
52063,0
52063,0
52064,220
52064,220
52064,220
52064,220
52064,220
52065,255
52065,255
52065,255
52065,255
52065,255
52066,328
52066,328
52066,328
52066,328
52066,328
52067,210
52067,210
52067,210
52067,210
52067,210
52068,305
52068,305
52068,305
52068,305
52068,305
52069,365
52069,365
52069,365
52069,365
52069,365
52070,425
52070,425
52070,425
52070,425
52070,425
52071,388
52071,388
52071,388
52071,388
52071,388
52072,188
52072,188
52072,188
52072,188
52072,188
52073,311
52073,311
52073,311
52073,311
52073,311
52074,254
52074,254
52074,254
52074,254
52074,254
52075,359
52075,359
52075,359
52075,359
52075,359
52076,105
52076,105
52076,105
52076,105
52076,105
52077,25
52077,25
52077,25
52077,25
52077,25
52078,199
52078,199
52078,199
52078,199
52078,199
52079,80
52079,80
52079,80
52079,80
52079,80
52080,97
52080,97
52080,97
52080,97
52080,97
52081,314
52081,314
52081,314
52081,314
52081,314
52082,348
52082,348
52082,348
52082,348
52082,348
52083,328
52083,328
52083,328
52083,328
52083,328
52084,315
52084,315
52084,315
52084,315
52084,315
52085,314
52085,314
52085,314
52085,314
52085,314
52086,310
52086,310
52086,310
52086,310
52086,310
52087,311
52087,311
52087,311
52087,311
52087,311
52088,190
52088,190
52088,190
52088,190
52088,190
52089,394
52089,394
52089,394
52089,394
52089,394
52090,378
52090,378
52090,378
52090,378
52090,378
52091,199
52091,199
52091,199
52091,199
52091,199
52092,298
52092,298
52092,298
52092,298
52092,298
52093,265
52093,265
52093,265
52093,265
52093,265
52094,175
52094,175
52094,175
52094,175
52094,175
52095,49
52095,49
52095,49
52095,49
52095,49
52096,301
52096,301
52096,301
52096,301
52096,301
52097,396
52097,396
52097,396
52097,396
52097,396
52098,292
52098,292
52098,292
52098,292
52098,292
52099,295
52099,295
52099,295
52099,295
52099,295
52100,243
52100,243
52100,243
52100,243
52100,243
52101,235
52101,235
52101,235
52101,235
52101,235
52102,283
52102,283
52102,283
52102,283
52102,283
52103,330
52103,330
52103,330
52103,330
52103,330
52104,200
52104,200
52104,200
52104,200
52104,200
52105,204
52105,204
52105,204
52105,204
52105,204
52106,14
52106,14
52106,14
52106,14
52106,14
52107,246
52107,246
52107,246
52107,246
52107,246
52108,288
52108,288
52108,288
52108,288
52108,288
52109,146
52109,146
52109,146
52109,146
52109,146
52110,202
52110,202
52110,202
52110,202
52110,202
52111,246
52111,246
52111,246
52111,246
52111,246
52112,288
52112,288
52112,288
52112,288
52112,288
52113,362
52113,362
52113,362
52113,362
52113,362
52114,295
52114,295
52114,295
52114,295
52114,295
52115,195
52115,195
52115,195
52115,195
52115,195
52116,279
52116,279
52116,279
52116,279
52116,279
52117,236
52117,236
52117,236
52117,236
52117,236
52118,0
52118,0
52118,0
52118,0
52118,0
52119,0
52119,0
52119,0
52119,0
52119,0
52120,0
52120,0
52120,0
52120,0
52120,0
52121,0
52121,0
52121,0
52121,0
52121,0
52122,0
52122,0
52122,0
52122,0
52122,0
52123,0
52123,0
52123,0
52123,0
52123,0
52124,0
52124,0
52124,0
52124,0
52124,0
52125,0
52125,0
52125,0
52125,0
52125,0
52126,0
52126,0
52126,0
52126,0
52126,0
53001,151
53001,151
53001,151
53001,151
53001,151
53002,79
53002,79
53002,79
53002,79
53002,79
53003,144
53003,144
53003,144
53003,144
53003,144
53004,173
53004,173
53004,173
53004,173
53004,173
53005,157
53005,157
53005,157
53005,157
53005,157
53006,61
53006,61
53006,61
53006,61
53006,61
53007,166
53007,166
53007,166
53007,166
53007,166
53008,218
53008,218
53008,218
53008,218
53008,218
53009,178
53009,178
53009,178
53009,178
53009,178
53010,143
53010,143
53010,143
53010,143
53010,143
53011,108
53011,108
53011,108
53011,108
53011,108
53012,141
53012,141
53012,141
53012,141
53012,141
53013,208
53013,208
53013,208
53013,208
53013,208
53014,3
53014,3
53014,3
53014,3
53014,3
53015,84
53015,84
53015,84
53015,84
53015,84
53016,283
53016,283
53016,283
53016,283
53016,283
53017,206
53017,206
53017,206
53017,206
53017,206
53018,280
53018,280
53018,280
53018,280
53018,280
53019,255
53019,255
53019,255
53019,255
53019,255
53020,279
53020,279
53020,279
53020,279
53020,279
53021,177
53021,177
53021,177
53021,177
53021,177
53022,225
53022,225
53022,225
53022,225
53022,225
53023,258
53023,258
53023,258
53023,258
53023,258
53024,108
53024,108
53024,108
53024,108
53024,108
53025,238
53025,238
53025,238
53025,238
53025,238
53026,117
53026,117
53026,117
53026,117
53026,117
53027,234
53027,234
53027,234
53027,234
53027,234
53028,177
53028,177
53028,177
53028,177
53028,177
53029,135
53029,135
53029,135
53029,135
53029,135
53030,274
53030,274
53030,274
53030,274
53030,274
53031,172
53031,172
53031,172
53031,172
53031,172
53032,186
53032,186
53032,186
53032,186
53032,186
53033,285
53033,285
53033,285
53033,285
53033,285
53034,282
53034,282
53034,282
53034,282
53034,282
53035,236
53035,236
53035,236
53035,236
53035,236
53036,283
53036,283
53036,283
53036,283
53036,283
53037,267
53037,267
53037,267
53037,267
53037,267
53038,66
53038,66
53038,66
53038,66
53038,66
53039,263
53039,263
53039,263
53039,263
53039,263
53040,64
53040,64
53040,64
53040,64
53040,64
53041,95
53041,95
53041,95
53041,95
53041,95
53042,68
53042,68
53042,68
53042,68
53042,68
53043,107
53043,107
53043,107
53043,107
53043,107
53044,210
53044,210
53044,210
53044,210
53044,210
53045,261
53045,261
53045,261
53045,261
53045,261
53046,382
53046,382
53046,382
53046,382
53046,382
53047,216
53047,216
53047,216
53047,216
53047,216
53048,210
53048,210
53048,210
53048,210
53048,210
53049,46
53049,46
53049,46
53049,46
53049,46
53050,199
53050,199
53050,199
53050,199
53050,199
53051,100
53051,100
53051,100
53051,100
53051,100
53052,31
53052,31
53052,31
53052,31
53052,31
53053,210
53053,210
53053,210
53053,210
53053,210
53054,219
53054,219
53054,219
53054,219
53054,219
53055,224
53055,224
53055,224
53055,224
53055,224
53056,247
53056,247
53056,247
53056,247
53056,247
53057,246
53057,246
53057,246
53057,246
53057,246
53058,217
53058,217
53058,217
53058,217
53058,217
53059,281
53059,281
53059,281
53059,281
53059,281
53060,284
53060,284
53060,284
53060,284
53060,284
53061,175
53061,175
53061,175
53061,175
53061,175
53062,56
53062,56
53062,56
53062,56
53062,56
53063,309
53063,309
53063,309
53063,309
53063,309
53064,201
53064,201
53064,201
53064,201
53064,201
53065,189
53065,189
53065,189
53065,189
53065,189
53066,179
53066,179
53066,179
53066,179
53066,179
53067,277
53067,277
53067,277
53067,277
53067,277
53068,158
53068,158
53068,158
53068,158
53068,158
53069,188
53069,188
53069,188
53069,188
53069,188
53070,213
53070,213
53070,213
53070,213
53070,213
53071,116
53071,116
53071,116
53071,116
53071,116
53072,179
53072,179
53072,179
53072,179
53072,179
53073,97
53073,97
53073,97
53073,97
53073,97
53074,184
53074,184
53074,184
53074,184
53074,184
53075,79
53075,79
53075,79
53075,79
53075,79
53076,276
53076,276
53076,276
53076,276
53076,276
53077,204
53077,204
53077,204
53077,204
53077,204
53078,212
53078,212
53078,212
53078,212
53078,212
53079,92
53079,92
53079,92
53079,92
53079,92
53080,220
53080,220
53080,220
53080,220
53080,220
53081,43
53081,43
53081,43
53081,43
53081,43
53082,207
53082,207
53082,207
53082,207
53082,207
53083,127
53083,127
53083,127
53083,127
53083,127
53084,158
53084,158
53084,158
53084,158
53084,158
53085,113
53085,113
53085,113
53085,113
53085,113
53086,117
53086,117
53086,117
53086,117
53086,117
53087,229
53087,229
53087,229
53087,229
53087,229
53088,272
53088,272
53088,272
53088,272
53088,272
53089,0
53089,0
53089,0
53089,0
53089,0
54001,41
54001,41
54001,41
54001,41
54001,41
54002,114
54002,114
54002,114
54002,114
54002,114
54003,86
54003,86
54003,86
54003,86
54003,86
54004,96
54004,96
54004,96
54004,96
54004,96
54005,37
54005,37
54005,37
54005,37
54005,37
54006,14
54006,14
54006,14
54006,14
54006,14
54007,184
54007,184
54007,184
54007,184
54007,184
54008,111
54008,111
54008,111
54008,111
54008,111
54009,123
54009,123
54009,123
54009,123
54009,123
54010,144
54010,144
54010,144
54010,144
54010,144
54011,135
54011,135
54011,135
54011,135
54011,135
54012,225
54012,225
54012,225
54012,225
54012,225
54013,179
54013,179
54013,179
54013,179
54013,179
54014,23
54014,23
54014,23
54014,23
54014,23
54015,97
54015,97
54015,97
54015,97
54015,97
54016,18
54016,18
54016,18
54016,18
54016,18
54017,47
54017,47
54017,47
54017,47
54017,47
54018,4
54018,4
54018,4
54018,4
54018,4
54019,114
54019,114
54019,114
54019,114
54019,114
54020,204
54020,204
54020,204
54020,204
54020,204
54021,131
54021,131
54021,131
54021,131
54021,131
54022,155
54022,155
54022,155
54022,155
54022,155
54023,164
54023,164
54023,164
54023,164
54023,164
54024,203
54024,203
54024,203
54024,203
54024,203
54025,263
54025,263
54025,263
54025,263
54025,263
54026,22
54026,22
54026,22
54026,22
54026,22
54027,146
54027,146
54027,146
54027,146
54027,146
54028,193
54028,193
54028,193
54028,193
54028,193
54029,190
54029,190
54029,190
54029,190
54029,190
54030,146
54030,146
54030,146
54030,146
54030,146
54031,123
54031,123
54031,123
54031,123
54031,123
54032,116
54032,116
54032,116
54032,116
54032,116
54033,156
54033,156
54033,156
54033,156
54033,156
54034,154
54034,154
54034,154
54034,154
54034,154
54035,141
54035,141
54035,141
54035,141
54035,141
54036,162
54036,162
54036,162
54036,162
54036,162
54037,144
54037,144
54037,144
54037,144
54037,144
54038,164
54038,164
54038,164
54038,164
54038,164
54039,135
54039,135
54039,135
54039,135
54039,135
54040,48
54040,48
54040,48
54040,48
54040,48
54041,144
54041,144
54041,144
54041,144
54041,144
54042,117
54042,117
54042,117
54042,117
54042,117
54043,146
54043,146
54043,146
54043,146
54043,146
54044,90
54044,90
54044,90
54044,90
54044,90
54045,120
54045,120
54045,120
54045,120
54045,120
54046,131
54046,131
54046,131
54046,131
54046,131
54047,65
54047,65
54047,65
54047,65
54047,65
54048,94
54048,94
54048,94
54048,94
54048,94
54049,114
54049,114
54049,114
54049,114
54049,114
54050,109
54050,109
54050,109
54050,109
54050,109
54051,111
54051,111
54051,111
54051,111
54051,111
54052,104
54052,104
54052,104
54052,104
54052,104
54053,55
54053,55
54053,55
54053,55
54053,55
54054,67
54054,67
54054,67
54054,67
54054,67
54055,57
54055,57
54055,57
54055,57
54055,57
54056,67
54056,67
54056,67
54056,67
54056,67
54057,102
54057,102
54057,102
54057,102
54057,102
54058,95
54058,95
54058,95
54058,95
54058,95
54059,82
54059,82
54059,82
54059,82
54059,82
54060,157
54060,157
54060,157
54060,157
54060,157
54061,146
54061,146
54061,146
54061,146
54061,146
54062,127
54062,127
54062,127
54062,127
54062,127
54063,184
54063,184
54063,184
54063,184
54063,184
54064,145
54064,145
54064,145
54064,145
54064,145
54065,75
54065,75
54065,75
54065,75
54065,75
54066,108
54066,108
54066,108
54066,108
54066,108
54067,122
54067,122
54067,122
54067,122
54067,122
54068,109
54068,109
54068,109
54068,109
54068,109
54069,112
54069,112
54069,112
54069,112
54069,112
54070,91
54070,91
54070,91
54070,91
54070,91
54071,59
54071,59
54071,59
54071,59
54071,59
54072,0
54072,0
54072,0
54072,0
54072,0
54073,161
54073,161
54073,161
54073,161
54073,161
54074,155
54074,155
54074,155
54074,155
54074,155
54075,38
54075,38
54075,38
54075,38
54075,38
54076,140
54076,140
54076,140
54076,140
54076,140
54077,89
54077,89
54077,89
54077,89
54077,89
54078,0
54078,0
54078,0
54078,0
54078,0
54079,56
54079,56
54079,56
54079,56
54079,56
54080,81
54080,81
54080,81
54080,81
54080,81
54081,80
54081,80
54081,80
54081,80
54081,80
54082,77
54082,77
54082,77
54082,77
54082,77
54083,109
54083,109
54083,109
54083,109
54083,109
54084,146
54084,146
54084,146
54084,146
54084,146
54085,122
54085,122
54085,122
54085,122
54085,122
54086,134
54086,134
54086,134
54086,134
54086,134
54087,95
54087,95
54087,95
54087,95
54087,95
54088,126
54088,126
54088,126
54088,126
54088,126
54089,119
54089,119
54089,119
54089,119
54089,119
55001,0
55001,0
55001,0
55001,0
55001,0
55002,176
55002,176
55002,176
55002,176
55002,176
55003,51
55003,51
55003,51
55003,51
55003,51
55004,194
55004,194
55004,194
55004,194
55004,194
55005,21
55005,21
55005,21
55005,21
55005,21
55006,115
55006,115
55006,115
55006,115
55006,115
55007,145
55007,145
55007,145
55007,145
55007,145
55008,30
55008,30
55008,30
55008,30
55008,30
55009,164
55009,164
55009,164
55009,164
55009,164
55010,202
55010,202
55010,202
55010,202
55010,202
55011,199
55011,199
55011,199
55011,199
55011,199
55012,137
55012,137
55012,137
55012,137
55012,137
55013,6
55013,6
55013,6
55013,6
55013,6
55014,256
55014,256
55014,256
55014,256
55014,256
55015,161
55015,161
55015,161
55015,161
55015,161
55016,176
55016,176
55016,176
55016,176
55016,176
55017,95
55017,95
55017,95
55017,95
55017,95
55018,233
55018,233
55018,233
55018,233
55018,233
55019,250
55019,250
55019,250
55019,250
55019,250
55020,246
55020,246
55020,246
55020,246
55020,246
55021,135
55021,135
55021,135
55021,135
55021,135
55022,145
55022,145
55022,145
55022,145
55022,145
55023,222
55023,222
55023,222
55023,222
55023,222
55024,183
55024,183
55024,183
55024,183
55024,183
55025,185
55025,185
55025,185
55025,185
55025,185
55026,51
55026,51
55026,51
55026,51
55026,51
55027,90
55027,90
55027,90
55027,90
55027,90
55028,60
55028,60
55028,60
55028,60
55028,60
55029,62
55029,62
55029,62
55029,62
55029,62
55030,134
55030,134
55030,134
55030,134
55030,134
55031,194
55031,194
55031,194
55031,194
55031,194
55032,149
55032,149
55032,149
55032,149
55032,149
55033,163
55033,163
55033,163
55033,163
55033,163
55034,165
55034,165
55034,165
55034,165
55034,165
55035,85
55035,85
55035,85
55035,85
55035,85
55036,21
55036,21
55036,21
55036,21
55036,21
55037,48
55037,48
55037,48
55037,48
55037,48
55038,36
55038,36
55038,36
55038,36
55038,36
55039,0
55039,0
55039,0
55039,0
55039,0
55040,13
55040,13
55040,13
55040,13
55040,13
55041,60
55041,60
55041,60
55041,60
55041,60
55042,0
55042,0
55042,0
55042,0
55042,0
55043,0
55043,0
55043,0
55043,0
55043,0
55044,14
55044,14
55044,14
55044,14
55044,14
55045,111
55045,111
55045,111
55045,111
55045,111
55046,138
55046,138
55046,138
55046,138
55046,138
55047,51
55047,51
55047,51
55047,51
55047,51
55048,123
55048,123
55048,123
55048,123
55048,123
55049,115
55049,115
55049,115
55049,115
55049,115
55050,24
55050,24
55050,24
55050,24
55050,24
55051,12
55051,12
55051,12
55051,12
55051,12
55052,38
55052,38
55052,38
55052,38
55052,38
55053,34
55053,34
55053,34
55053,34
55053,34
55054,13
55054,13
55054,13
55054,13
55054,13
55055,127
55055,127
55055,127
55055,127
55055,127
55056,31
55056,31
55056,31
55056,31
55056,31
55057,80
55057,80
55057,80
55057,80
55057,80
55058,62
55058,62
55058,62
55058,62
55058,62
55059,104
55059,104
55059,104
55059,104
55059,104
55060,30
55060,30
55060,30
55060,30
55060,30
55061,0
55061,0
55061,0
55061,0
55061,0
55062,92
55062,92
55062,92
55062,92
55062,92
55063,63
55063,63
55063,63
55063,63
55063,63
55064,168
55064,168
55064,168
55064,168
55064,168
55065,132
55065,132
55065,132
55065,132
55065,132
55066,73
55066,73
55066,73
55066,73
55066,73
55067,63
55067,63
55067,63
55067,63
55067,63
55068,84
55068,84
55068,84
55068,84
55068,84
55069,115
55069,115
55069,115
55069,115
55069,115
55070,48
55070,48
55070,48
55070,48
55070,48
55071,84
55071,84
55071,84
55071,84
55071,84
55072,66
55072,66
55072,66
55072,66
55072,66
55073,0
55073,0
55073,0
55073,0
55073,0
55074,98
55074,98
55074,98
55074,98
55074,98
55075,145
55075,145
55075,145
55075,145
55075,145
55076,157
55076,157
55076,157
55076,157
55076,157
55077,26
55077,26
55077,26
55077,26
55077,26
55078,153
55078,153
55078,153
55078,153
55078,153
55079,90
55079,90
55079,90
55079,90
55079,90
55080,103
55080,103
55080,103
55080,103
55080,103
55081,140
55081,140
55081,140
55081,140
55081,140
55082,159
55082,159
55082,159
55082,159
55082,159
55083,109
55083,109
55083,109
55083,109
55083,109
55084,202
55084,202
55084,202
55084,202
55084,202
55085,176
55085,176
55085,176
55085,176
55085,176
55086,140
55086,140
55086,140
55086,140
55086,140
55087,107
55087,107
55087,107
55087,107
55087,107
55088,161
55088,161
55088,161
55088,161
55088,161
55089,116
55089,116
55089,116
55089,116
55089,116
55090,119
55090,119
55090,119
55090,119
55090,119
55091,142
55091,142
55091,142
55091,142
55091,142
55092,144
55092,144
55092,144
55092,144
55092,144
55093,142
55093,142
55093,142
55093,142
55093,142
55094,162
55094,162
55094,162
55094,162
55094,162
55095,42
55095,42
55095,42
55095,42
55095,42
55096,154
55096,154
55096,154
55096,154
55096,154
55097,166
55097,166
55097,166
55097,166
55097,166
55098,26
55098,26
55098,26
55098,26
55098,26
55099,219
55099,219
55099,219
55099,219
55099,219
55100,71
55100,71
55100,71
55100,71
55100,71
55101,132
55101,132
55101,132
55101,132
55101,132
55102,138
55102,138
55102,138
55102,138
55102,138
55103,178
55103,178
55103,178
55103,178
55103,178
55104,136
55104,136
55104,136
55104,136
55104,136
55105,83
55105,83
55105,83
55105,83
55105,83
55106,186
55106,186
55106,186
55106,186
55106,186
55107,268
55107,268
55107,268
55107,268
55107,268
55108,178
55108,178
55108,178
55108,178
55108,178
55109,95
55109,95
55109,95
55109,95
55109,95
55110,95
55110,95
55110,95
55110,95
55110,95
55111,0
55111,0
55111,0
55111,0
55111,0
55112,0
55112,0
55112,0
55112,0
55112,0
55113,0
55113,0
55113,0
55113,0
55113,0
56001,98
56001,98
56001,98
56001,98
56001,98
56002,120
56002,120
56002,120
56002,120
56002,120
56003,90
56003,90
56003,90
56003,90
56003,90
56004,97
56004,97
56004,97
56004,97
56004,97
56005,134
56005,134
56005,134
56005,134
56005,134
56006,191
56006,191
56006,191
56006,191
56006,191
56007,99
56007,99
56007,99
56007,99
56007,99
56008,129
56008,129
56008,129
56008,129
56008,129
56009,123
56009,123
56009,123
56009,123
56009,123
56010,103
56010,103
56010,103
56010,103
56010,103
56011,242
56011,242
56011,242
56011,242
56011,242
56012,239
56012,239
56012,239
56012,239
56012,239
56013,267
56013,267
56013,267
56013,267
56013,267
56014,256
56014,256
56014,256
56014,256
56014,256
56015,288
56015,288
56015,288
56015,288
56015,288
56016,265
56016,265
56016,265
56016,265
56016,265
56017,202
56017,202
56017,202
56017,202
56017,202
56018,213
56018,213
56018,213
56018,213
56018,213
56019,263
56019,263
56019,263
56019,263
56019,263
56020,129
56020,129
56020,129
56020,129
56020,129
56021,227
56021,227
56021,227
56021,227
56021,227
56022,275
56022,275
56022,275
56022,275
56022,275
56023,283
56023,283
56023,283
56023,283
56023,283
56024,235
56024,235
56024,235
56024,235
56024,235
56025,201
56025,201
56025,201
56025,201
56025,201
56026,201
56026,201
56026,201
56026,201
56026,201
56027,252
56027,252
56027,252
56027,252
56027,252
56028,250
56028,250
56028,250
56028,250
56028,250
56029,145
56029,145
56029,145
56029,145
56029,145
56030,202
56030,202
56030,202
56030,202
56030,202
56031,219
56031,219
56031,219
56031,219
56031,219
56032,293
56032,293
56032,293
56032,293
56032,293
56033,264
56033,264
56033,264
56033,264
56033,264
56034,207
56034,207
56034,207
56034,207
56034,207
56035,290
56035,290
56035,290
56035,290
56035,290
56036,240
56036,240
56036,240
56036,240
56036,240
56037,285
56037,285
56037,285
56037,285
56037,285
56038,349
56038,349
56038,349
56038,349
56038,349
56039,220
56039,220
56039,220
56039,220
56039,220
56040,317
56040,317
56040,317
56040,317
56040,317
56041,324
56041,324
56041,324
56041,324
56041,324
56042,306
56042,306
56042,306
56042,306
56042,306
56043,293
56043,293
56043,293
56043,293
56043,293
56044,219
56044,219
56044,219
56044,219
56044,219
56045,279
56045,279
56045,279
56045,279
56045,279
56046,252
56046,252
56046,252
56046,252
56046,252
56047,284
56047,284
56047,284
56047,284
56047,284
56048,280
56048,280
56048,280
56048,280
56048,280
56049,283
56049,283
56049,283
56049,283
56049,283
56050,270
56050,270
56050,270
56050,270
56050,270
56051,208
56051,208
56051,208
56051,208
56051,208
56052,278
56052,278
56052,278
56052,278
56052,278
56053,328
56053,328
56053,328
56053,328
56053,328
56054,244
56054,244
56054,244
56054,244
56054,244
56055,335
56055,335
56055,335
56055,335
56055,335
56056,143
56056,143
56056,143
56056,143
56056,143
56057,271
56057,271
56057,271
56057,271
56057,271
56058,261
56058,261
56058,261
56058,261
56058,261
56059,155
56059,155
56059,155
56059,155
56059,155
56060,157
56060,157
56060,157
56060,157
56060,157
56061,194
56061,194
56061,194
56061,194
56061,194
56062,185
56062,185
56062,185
56062,185
56062,185
56063,135
56063,135
56063,135
56063,135
56063,135
56064,105
56064,105
56064,105
56064,105
56064,105
56065,193
56065,193
56065,193
56065,193
56065,193
56066,63
56066,63
56066,63
56066,63
56066,63
56067,126
56067,126
56067,126
56067,126
56067,126
56068,178
56068,178
56068,178
56068,178
56068,178
56069,200
56069,200
56069,200
56069,200
56069,200
56070,136
56070,136
56070,136
56070,136
56070,136
56071,183
56071,183
56071,183
56071,183
56071,183
56072,304
56072,304
56072,304
56072,304
56072,304
56073,215
56073,215
56073,215
56073,215
56073,215
56074,170
56074,170
56074,170
56074,170
56074,170
56075,84
56075,84
56075,84
56075,84
56075,84
56076,124
56076,124
56076,124
56076,124
56076,124
56077,158
56077,158
56077,158
56077,158
56077,158
56078,197
56078,197
56078,197
56078,197
56078,197
56079,330
56079,330
56079,330
56079,330
56079,330
56080,283
56080,283
56080,283
56080,283
56080,283
56081,132
56081,132
56081,132
56081,132
56081,132
56082,203
56082,203
56082,203
56082,203
56082,203
56083,137
56083,137
56083,137
56083,137
56083,137
56084,142
56084,142
56084,142
56084,142
56084,142
56085,342
56085,342
56085,342
56085,342
56085,342
56086,223
56086,223
56086,223
56086,223
56086,223
56087,226
56087,226
56087,226
56087,226
56087,226
56088,265
56088,265
56088,265
56088,265
56088,265
56089,240
56089,240
56089,240
56089,240
56089,240
56090,295
56090,295
56090,295
56090,295
56090,295
56091,309
56091,309
56091,309
56091,309
56091,309
56092,12
56092,12
56092,12
56092,12
56092,12
57001,104
57001,104
57001,104
57001,104
57001,104
57002,142
57002,142
57002,142
57002,142
57002,142
57003,136
57003,136
57003,136
57003,136
57003,136
57004,154
57004,154
57004,154
57004,154
57004,154
57005,41
57005,41
57005,41
57005,41
57005,41
57006,117
57006,117
57006,117
57006,117
57006,117
57007,67
57007,67
57007,67
57007,67
57007,67
57008,126
57008,126
57008,126
57008,126
57008,126
57009,231
57009,231
57009,231
57009,231
57009,231
57010,496
57010,496
57010,496
57010,496
57010,496
57011,240
57011,240
57011,240
57011,240
57011,240
57012,153
57012,153
57012,153
57012,153
57012,153
57013,120
57013,120
57013,120
57013,120
57013,120
57014,227
57014,227
57014,227
57014,227
57014,227
57015,284
57015,284
57015,284
57015,284
57015,284
57016,397
57016,397
57016,397
57016,397
57016,397
57017,447
57017,447
57017,447
57017,447
57017,447
57018,396
57018,396
57018,396
57018,396
57018,396
57019,123
57019,123
57019,123
57019,123
57019,123
57020,0
57020,0
57020,0
57020,0
57020,0
57021,295
57021,295
57021,295
57021,295
57021,295
57022,271
57022,271
57022,271
57022,271
57022,271
57023,57
57023,57
57023,57
57023,57
57023,57
57024,351
57024,351
57024,351
57024,351
57024,351
57025,507
57025,507
57025,507
57025,507
57025,507
57026,387
57026,387
57026,387
57026,387
57026,387
57027,286
57027,286
57027,286
57027,286
57027,286
57028,291
57028,291
57028,291
57028,291
57028,291
57029,384
57029,384
57029,384
57029,384
57029,384
57030,282
57030,282
57030,282
57030,282
57030,282
57031,477
57031,477
57031,477
57031,477
57031,477
57032,108
57032,108
57032,108
57032,108
57032,108
57033,83
57033,83
57033,83
57033,83
57033,83
57034,422
57034,422
57034,422
57034,422
57034,422
57035,350
57035,350
57035,350
57035,350
57035,350
57036,362
57036,362
57036,362
57036,362
57036,362
57037,255
57037,255
57037,255
57037,255
57037,255
57038,422
57038,422
57038,422
57038,422
57038,422
57039,396
57039,396
57039,396
57039,396
57039,396
57040,351
57040,351
57040,351
57040,351
57040,351
57041,402
57041,402
57041,402
57041,402
57041,402
57042,328
57042,328
57042,328
57042,328
57042,328
57043,461
57043,461
57043,461
57043,461
57043,461
57044,320
57044,320
57044,320
57044,320
57044,320
57045,291
57045,291
57045,291
57045,291
57045,291
57046,209
57046,209
57046,209
57046,209
57046,209
57047,237
57047,237
57047,237
57047,237
57047,237
57048,390
57048,390
57048,390
57048,390
57048,390
57049,386
57049,386
57049,386
57049,386
57049,386
57050,304
57050,304
57050,304
57050,304
57050,304
57051,315
57051,315
57051,315
57051,315
57051,315
57052,218
57052,218
57052,218
57052,218
57052,218
57053,252
57053,252
57053,252
57053,252
57053,252
57054,411
57054,411
57054,411
57054,411
57054,411
57055,243
57055,243
57055,243
57055,243
57055,243
57056,330
57056,330
57056,330
57056,330
57056,330
57057,302
57057,302
57057,302
57057,302
57057,302
57058,285
57058,285
57058,285
57058,285
57058,285
57059,226
57059,226
57059,226
57059,226
57059,226
57060,245
57060,245
57060,245
57060,245
57060,245
57061,528
57061,528
57061,528
57061,528
57061,528
57062,221
57062,221
57062,221
57062,221
57062,221
57063,312
57063,312
57063,312
57063,312
57063,312
57064,441
57064,441
57064,441
57064,441
57064,441
57065,348
57065,348
57065,348
57065,348
57065,348
57066,302
57066,302
57066,302
57066,302
57066,302
57067,286
57067,286
57067,286
57067,286
57067,286
57068,390
57068,390
57068,390
57068,390
57068,390
57069,398
57069,398
57069,398
57069,398
57069,398
57070,456
57070,456
57070,456
57070,456
57070,456
57071,257
57071,257
57071,257
57071,257
57071,257
57072,402
57072,402
57072,402
57072,402
57072,402
57073,269
57073,269
57073,269
57073,269
57073,269
57074,380
57074,380
57074,380
57074,380
57074,380
57075,378
57075,378
57075,378
57075,378
57075,378
57076,381
57076,381
57076,381
57076,381
57076,381
57077,150
57077,150
57077,150
57077,150
57077,150
57078,341
57078,341
57078,341
57078,341
57078,341
57079,282
57079,282
57079,282
57079,282
57079,282
57080,354
57080,354
57080,354
57080,354
57080,354
57081,309
57081,309
57081,309
57081,309
57081,309
57082,178
57082,178
57082,178
57082,178
57082,178
57083,239
57083,239
57083,239
57083,239
57083,239
57084,284
57084,284
57084,284
57084,284
57084,284
57085,279
57085,279
57085,279
57085,279
57085,279
57086,149
57086,149
57086,149
57086,149
57086,149
57087,338
57087,338
57087,338
57087,338
57087,338
57088,202
57088,202
57088,202
57088,202
57088,202
57089,232
57089,232
57089,232
57089,232
57089,232
57090,406
57090,406
57090,406
57090,406
57090,406
57091,214
57091,214
57091,214
57091,214
57091,214
57092,320
57092,320
57092,320
57092,320
57092,320
57093,241
57093,241
57093,241
57093,241
57093,241
57094,135
57094,135
57094,135
57094,135
57094,135
57095,192
57095,192
57095,192
57095,192
57095,192
57096,213
57096,213
57096,213
57096,213
57096,213
57097,96
57097,96
57097,96
57097,96
57097,96
57098,107
57098,107
57098,107
57098,107
57098,107
57099,249
57099,249
57099,249
57099,249
57099,249
57100,262
57100,262
57100,262
57100,262
57100,262
57101,318
57101,318
57101,318
57101,318
57101,318
57102,245
57102,245
57102,245
57102,245
57102,245
57103,288
57103,288
57103,288
57103,288
57103,288
57104,472
57104,472
57104,472
57104,472
57104,472
57105,285
57105,285
57105,285
57105,285
57105,285
57106,0
57106,0
57106,0
57106,0
57106,0
58001,162
58001,162
58001,162
58001,162
58001,162
58002,230
58002,230
58002,230
58002,230
58002,230
58003,160
58003,160
58003,160
58003,160
58003,160
58004,222
58004,222
58004,222
58004,222
58004,222
58005,207
58005,207
58005,207
58005,207
58005,207
58006,155
58006,155
58006,155
58006,155
58006,155
58007,157
58007,157
58007,157
58007,157
58007,157
58008,200
58008,200
58008,200
58008,200
58008,200
58009,142
58009,142
58009,142
58009,142
58009,142
58010,146
58010,146
58010,146
58010,146
58010,146
58011,134
58011,134
58011,134
58011,134
58011,134
58012,257
58012,257
58012,257
58012,257
58012,257
58013,202
58013,202
58013,202
58013,202
58013,202
58014,151
58014,151
58014,151
58014,151
58014,151
58015,152
58015,152
58015,152
58015,152
58015,152
58016,146
58016,146
58016,146
58016,146
58016,146
58017,138
58017,138
58017,138
58017,138
58017,138
58018,179
58018,179
58018,179
58018,179
58018,179
58019,181
58019,181
58019,181
58019,181
58019,181
58020,252
58020,252
58020,252
58020,252
58020,252
58021,184
58021,184
58021,184
58021,184
58021,184
58022,194
58022,194
58022,194
58022,194
58022,194
58023,138
58023,138
58023,138
58023,138
58023,138
58024,168
58024,168
58024,168
58024,168
58024,168
58025,270
58025,270
58025,270
58025,270
58025,270
58026,256
58026,256
58026,256
58026,256
58026,256
58027,253
58027,253
58027,253
58027,253
58027,253
58028,180
58028,180
58028,180
58028,180
58028,180
58029,173
58029,173
58029,173
58029,173
58029,173
58030,247
58030,247
58030,247
58030,247
58030,247
58031,214
58031,214
58031,214
58031,214
58031,214
58032,239
58032,239
58032,239
58032,239
58032,239
58033,178
58033,178
58033,178
58033,178
58033,178
58034,236
58034,236
58034,236
58034,236
58034,236
58035,219
58035,219
58035,219
58035,219
58035,219
58036,134
58036,134
58036,134
58036,134
58036,134
58037,185
58037,185
58037,185
58037,185
58037,185
58038,192
58038,192
58038,192
58038,192
58038,192
58039,197
58039,197
58039,197
58039,197
58039,197
58040,123
58040,123
58040,123
58040,123
58040,123
58041,198
58041,198
58041,198
58041,198
58041,198
58042,102
58042,102
58042,102
58042,102
58042,102
58043,209
58043,209
58043,209
58043,209
58043,209
58044,100
58044,100
58044,100
58044,100
58044,100
58045,164
58045,164
58045,164
58045,164
58045,164
58046,221
58046,221
58046,221
58046,221
58046,221
58047,173
58047,173
58047,173
58047,173
58047,173
58048,163
58048,163
58048,163
58048,163
58048,163
58049,146
58049,146
58049,146
58049,146
58049,146
58050,150
58050,150
58050,150
58050,150
58050,150
58051,149
58051,149
58051,149
58051,149
58051,149
58052,207
58052,207
58052,207
58052,207
58052,207
58053,46
58053,46
58053,46
58053,46
58053,46
58054,163
58054,163
58054,163
58054,163
58054,163
58055,196
58055,196
58055,196
58055,196
58055,196
58056,85
58056,85
58056,85
58056,85
58056,85
58057,189
58057,189
58057,189
58057,189
58057,189
58058,93
58058,93
58058,93
58058,93
58058,93
58059,135
58059,135
58059,135
58059,135
58059,135
58060,217
58060,217
58060,217
58060,217
58060,217
58061,218
58061,218
58061,218
58061,218
58061,218
58062,215
58062,215
58062,215
58062,215
58062,215
58063,106
58063,106
58063,106
58063,106
58063,106
58064,123
58064,123
58064,123
58064,123
58064,123
58065,151
58065,151
58065,151
58065,151
58065,151
58066,154
58066,154
58066,154
58066,154
58066,154
58067,263
58067,263
58067,263
58067,263
58067,263
58068,223
58068,223
58068,223
58068,223
58068,223
58069,33
58069,33
58069,33
58069,33
58069,33
58070,144
58070,144
58070,144
58070,144
58070,144
58071,182
58071,182
58071,182
58071,182
58071,182
58072,86
58072,86
58072,86
58072,86
58072,86
58073,55
58073,55
58073,55
58073,55
58073,55
58074,188
58074,188
58074,188
58074,188
58074,188
58075,168
58075,168
58075,168
58075,168
58075,168
58076,195
58076,195
58076,195
58076,195
58076,195
58077,239
58077,239
58077,239
58077,239
58077,239
58078,208
58078,208
58078,208
58078,208
58078,208
58079,225
58079,225
58079,225
58079,225
58079,225
58080,202
58080,202
58080,202
58080,202
58080,202
58081,115
58081,115
58081,115
58081,115
58081,115
58082,145
58082,145
58082,145
58082,145
58082,145
58083,159
58083,159
58083,159
58083,159
58083,159
58084,227
58084,227
58084,227
58084,227
58084,227
58085,132
58085,132
58085,132
58085,132
58085,132
58086,201
58086,201
58086,201
58086,201
58086,201
59001,122
59001,122
59001,122
59001,122
59001,122
59002,64
59002,64
59002,64
59002,64
59002,64
59003,92
59003,92
59003,92
59003,92
59003,92
59004,123
59004,123
59004,123
59004,123
59004,123
59005,150
59005,150
59005,150
59005,150
59005,150
59006,231
59006,231
59006,231
59006,231
59006,231
59007,134
59007,134
59007,134
59007,134
59007,134
59008,166
59008,166
59008,166
59008,166
59008,166
59009,0
59009,0
59009,0
59009,0
59009,0
59010,150
59010,150
59010,150
59010,150
59010,150
59011,160
59011,160
59011,160
59011,160
59011,160
59012,161
59012,161
59012,161
59012,161
59012,161
59013,202
59013,202
59013,202
59013,202
59013,202
59014,241
59014,241
59014,241
59014,241
59014,241
59015,162
59015,162
59015,162
59015,162
59015,162
59016,256
59016,256
59016,256
59016,256
59016,256
59017,230
59017,230
59017,230
59017,230
59017,230
59018,194
59018,194
59018,194
59018,194
59018,194
59019,57
59019,57
59019,57
59019,57
59019,57
59020,151
59020,151
59020,151
59020,151
59020,151
59021,193
59021,193
59021,193
59021,193
59021,193
59022,207
59022,207
59022,207
59022,207
59022,207
59023,108
59023,108
59023,108
59023,108
59023,108
59024,168
59024,168
59024,168
59024,168
59024,168
59025,190
59025,190
59025,190
59025,190
59025,190
59026,223
59026,223
59026,223
59026,223
59026,223
59027,246
59027,246
59027,246
59027,246
59027,246
59028,183
59028,183
59028,183
59028,183
59028,183
59029,157
59029,157
59029,157
59029,157
59029,157
59030,129
59030,129
59030,129
59030,129
59030,129
59031,174
59031,174
59031,174
59031,174
59031,174
59032,148
59032,148
59032,148
59032,148
59032,148
59033,102
59033,102
59033,102
59033,102
59033,102
59034,97
59034,97
59034,97
59034,97
59034,97
59035,135
59035,135
59035,135
59035,135
59035,135
59036,113
59036,113
59036,113
59036,113
59036,113
59037,89
59037,89
59037,89
59037,89
59037,89
59038,100
59038,100
59038,100
59038,100
59038,100
59039,100
59039,100
59039,100
59039,100
59039,100
59040,88
59040,88
59040,88
59040,88
59040,88
59041,159
59041,159
59041,159
59041,159
59041,159
59042,56
59042,56
59042,56
59042,56
59042,56
59043,47
59043,47
59043,47
59043,47
59043,47
59044,80
59044,80
59044,80
59044,80
59044,80
59045,64
59045,64
59045,64
59045,64
59045,64
59046,0
59046,0
59046,0
59046,0
59046,0
59047,190
59047,190
59047,190
59047,190
59047,190
59048,1
59048,1
59048,1
59048,1
59048,1
59049,109
59049,109
59049,109
59049,109
59049,109
59050,129
59050,129
59050,129
59050,129
59050,129
59051,96
59051,96
59051,96
59051,96
59051,96
59052,64
59052,64
59052,64
59052,64
59052,64
59053,53
59053,53
59053,53
59053,53
59053,53
59054,74
59054,74
59054,74
59054,74
59054,74
59055,57
59055,57
59055,57
59055,57
59055,57
59056,180
59056,180
59056,180
59056,180
59056,180
59057,140
59057,140
59057,140
59057,140
59057,140
59058,98
59058,98
59058,98
59058,98
59058,98
59059,67
59059,67
59059,67
59059,67
59059,67
59060,53
59060,53
59060,53
59060,53
59060,53
59061,59
59061,59
59061,59
59061,59
59061,59
59062,37
59062,37
59062,37
59062,37
59062,37
59063,120
59063,120
59063,120
59063,120
59063,120
59064,218
59064,218
59064,218
59064,218
59064,218
59065,196
59065,196
59065,196
59065,196
59065,196
59066,198
59066,198
59066,198
59066,198
59066,198
59067,165
59067,165
59067,165
59067,165
59067,165
59068,119
59068,119
59068,119
59068,119
59068,119
59069,203
59069,203
59069,203
59069,203
59069,203
59070,192
59070,192
59070,192
59070,192
59070,192
59071,216
59071,216
59071,216
59071,216
59071,216
59072,191
59072,191
59072,191
59072,191
59072,191
59073,210
59073,210
59073,210
59073,210
59073,210
59074,221
59074,221
59074,221
59074,221
59074,221
59075,172
59075,172
59075,172
59075,172
59075,172
59076,204
59076,204
59076,204
59076,204
59076,204
59077,90
59077,90
59077,90
59077,90
59077,90
59078,102
59078,102
59078,102
59078,102
59078,102
59079,155
59079,155
59079,155
59079,155
59079,155
59080,127
59080,127
59080,127
59080,127
59080,127
59081,146
59081,146
59081,146
59081,146
59081,146
59082,128
59082,128
59082,128
59082,128
59082,128
59083,100
59083,100
59083,100
59083,100
59083,100
59084,181
59084,181
59084,181
59084,181
59084,181
59085,182
59085,182
59085,182
59085,182
59085,182
59086,0
59086,0
59086,0
59086,0
59086,0
59087,0
59087,0
59087,0
59087,0
59087,0
59088,0
59088,0
59088,0
59088,0
59088,0
59089,0
59089,0
59089,0
59089,0
59089,0
59090,0
59090,0
59090,0
59090,0
59090,0
60001,104
60001,104
60001,104
60001,104
60001,104
60002,102
60002,102
60002,102
60002,102
60002,102
60003,147
60003,147
60003,147
60003,147
60003,147
60004,101
60004,101
60004,101
60004,101
60004,101
60005,183
60005,183
60005,183
60005,183
60005,183
60006,60
60006,60
60006,60
60006,60
60006,60
60007,197
60007,197
60007,197
60007,197
60007,197
60008,181
60008,181
60008,181
60008,181
60008,181
60009,157
60009,157
60009,157
60009,157
60009,157
60010,77
60010,77
60010,77
60010,77
60010,77
60011,0
60011,0
60011,0
60011,0
60011,0
60012,89
60012,89
60012,89
60012,89
60012,89
60013,207
60013,207
60013,207
60013,207
60013,207
60014,170
60014,170
60014,170
60014,170
60014,170
60015,135
60015,135
60015,135
60015,135
60015,135
60016,71
60016,71
60016,71
60016,71
60016,71
60017,211
60017,211
60017,211
60017,211
60017,211
60018,74
60018,74
60018,74
60018,74
60018,74
60019,73
60019,73
60019,73
60019,73
60019,73
60020,31
60020,31
60020,31
60020,31
60020,31
60021,59
60021,59
60021,59
60021,59
60021,59
60022,96
60022,96
60022,96
60022,96
60022,96
60023,20
60023,20
60023,20
60023,20
60023,20
60024,116
60024,116
60024,116
60024,116
60024,116
60025,0
60025,0
60025,0
60025,0
60025,0
60026,242
60026,242
60026,242
60026,242
60026,242
60027,200
60027,200
60027,200
60027,200
60027,200
60028,210
60028,210
60028,210
60028,210
60028,210
60029,101
60029,101
60029,101
60029,101
60029,101
60030,95
60030,95
60030,95
60030,95
60030,95
60031,118
60031,118
60031,118
60031,118
60031,118
60032,119
60032,119
60032,119
60032,119
60032,119
60033,166
60033,166
60033,166
60033,166
60033,166
60034,140
60034,140
60034,140
60034,140
60034,140
60035,79
60035,79
60035,79
60035,79
60035,79
60036,162
60036,162
60036,162
60036,162
60036,162
60037,155
60037,155
60037,155
60037,155
60037,155
60038,141
60038,141
60038,141
60038,141
60038,141
60039,120
60039,120
60039,120
60039,120
60039,120
60040,149
60040,149
60040,149
60040,149
60040,149
60041,180
60041,180
60041,180
60041,180
60041,180
60042,168
60042,168
60042,168
60042,168
60042,168
60043,162
60043,162
60043,162
60043,162
60043,162
60044,112
60044,112
60044,112
60044,112
60044,112
60045,188
60045,188
60045,188
60045,188
60045,188
60046,167
60046,167
60046,167
60046,167
60046,167
60047,171
60047,171
60047,171
60047,171
60047,171
60048,48
60048,48
60048,48
60048,48
60048,48
60049,124
60049,124
60049,124
60049,124
60049,124
60050,59
60050,59
60050,59
60050,59
60050,59
60051,188
60051,188
60051,188
60051,188
60051,188
60052,124
60052,124
60052,124
60052,124
60052,124
60053,132
60053,132
60053,132
60053,132
60053,132
60054,128
60054,128
60054,128
60054,128
60054,128
60055,141
60055,141
60055,141
60055,141
60055,141
60056,132
60056,132
60056,132
60056,132
60056,132
60057,183
60057,183
60057,183
60057,183
60057,183
60058,119
60058,119
60058,119
60058,119
60058,119
60059,100
60059,100
60059,100
60059,100
60059,100
60060,100
60060,100
60060,100
60060,100
60060,100
60061,142
60061,142
60061,142
60061,142
60061,142
60062,225
60062,225
60062,225
60062,225
60062,225
60063,203
60063,203
60063,203
60063,203
60063,203
60064,143
60064,143
60064,143
60064,143
60064,143
60065,167
60065,167
60065,167
60065,167
60065,167
60066,121
60066,121
60066,121
60066,121
60066,121
60067,71
60067,71
60067,71
60067,71
60067,71
60068,89
60068,89
60068,89
60068,89
60068,89
60069,43
60069,43
60069,43
60069,43
60069,43
60070,61
60070,61
60070,61
60070,61
60070,61
60071,101
60071,101
60071,101
60071,101
60071,101
60072,104
60072,104
60072,104
60072,104
60072,104
60073,106
60073,106
60073,106
60073,106
60073,106
60074,222
60074,222
60074,222
60074,222
60074,222
60075,247
60075,247
60075,247
60075,247
60075,247
60076,145
60076,145
60076,145
60076,145
60076,145
60077,185
60077,185
60077,185
60077,185
60077,185
60078,203
60078,203
60078,203
60078,203
60078,203
60079,135
60079,135
60079,135
60079,135
60079,135
60080,131
60080,131
60080,131
60080,131
60080,131
60081,208
60081,208
60081,208
60081,208
60081,208
60082,266
60082,266
60082,266
60082,266
60082,266
60083,229
60083,229
60083,229
60083,229
60083,229
60084,235
60084,235
60084,235
60084,235
60084,235
60085,161
60085,161
60085,161
60085,161
60085,161
60086,166
60086,166
60086,166
60086,166
60086,166
60087,77
60087,77
60087,77
60087,77
60087,77
60088,133
60088,133
60088,133
60088,133
60088,133
60089,83
60089,83
60089,83
60089,83
60089,83
60090,116
60090,116
60090,116
60090,116
60090,116
60091,91
60091,91
60091,91
60091,91
60091,91
64075,140
64075,140
64075,140
64075,140
64075,140
64076,137
64076,137
64076,137
64076,137
64076,137
64077,151
64077,151
64077,151
64077,151
64077,151
64078,147
64078,147
64078,147
64078,147
64078,147
64079,133
64079,133
64079,133
64079,133
64079,133
64080,163
64080,163
64080,163
64080,163
64080,163
64081,76
64081,76
64081,76
64081,76
64081,76
64082,28
64082,28
64082,28
64082,28
64082,28
64083,117
64083,117
64083,117
64083,117
64083,117
64084,142
64084,142
64084,142
64084,142
64084,142
64085,137
64085,137
64085,137
64085,137
64085,137
64086,169
64086,169
64086,169
64086,169
64086,169
64087,147
64087,147
64087,147
64087,147
64087,147
64088,119
64088,119
64088,119
64088,119
64088,119
64089,104
64089,104
64089,104
64089,104
64089,104
64090,184
64090,184
64090,184
64090,184
64090,184
64091,42
64091,42
64091,42
64091,42
64091,42
64092,102
64092,102
64092,102
64092,102
64092,102
64093,148
64093,148
64093,148
64093,148
64093,148
64094,0
64094,0
64094,0
64094,0
64094,0
64095,0
64095,0
64095,0
64095,0
64095,0
64096,0
64096,0
64096,0
64096,0
64096,0
64097,0
64097,0
64097,0
64097,0
64097,0
64098,0
64098,0
64098,0
64098,0
64098,0
64099,0
64099,0
64099,0
64099,0
64099,0
